--
-- PostgreSQL database dump
--

-- Dumped from database version 17.4

-- Dumped by pg_dump version 17.5

SET statement_timeout = 0;
SET lock_timeout = 0;
SET idle_in_transaction_session_timeout = 0;
SET transaction_timeout = 0;
SET client_encoding = 'UTF8';
SET standard_conforming_strings = on;
SELECT pg_catalog.set_config('search_path', '', false);
SET check_function_bodies = false;
SET xmloption = content;
SET client_min_messages = warning;
SET row_security = off;

--
-- Name: unaccent; Type: EXTENSION; Schema: -; Owner: -
--

CREATE EXTENSION IF NOT EXISTS unaccent WITH SCHEMA public;


--
-- Name: EXTENSION unaccent; Type: COMMENT; Schema: -; Owner: 
--

COMMENT ON EXTENSION unaccent IS 'text search dictionary that removes accents';


SET default_tablespace = '';

SET default_table_access_method = heap;

--
-- Name: academic_year; Type: TABLE; Schema: public; Owner: postgres
--

CREATE TABLE public.academic_year (
    id integer NOT NULL,
    create_at timestamp with time zone,
    update_at timestamp with time zone,
    end_at timestamp with time zone,
    year character varying(9) NOT NULL
);


ALTER TABLE public.academic_year OWNER TO postgres;

--
-- Name: academic_year_id_seq; Type: SEQUENCE; Schema: public; Owner: postgres
--

ALTER TABLE public.academic_year ALTER COLUMN id ADD GENERATED BY DEFAULT AS IDENTITY (
    SEQUENCE NAME public.academic_year_id_seq
    START WITH 1
    INCREMENT BY 1
    NO MINVALUE
    NO MAXVALUE
    CACHE 1
);


--
-- Name: account; Type: TABLE; Schema: public; Owner: postgres
--

CREATE TABLE public.account (
    id integer NOT NULL,
    create_at timestamp with time zone,
    update_at timestamp with time zone,
    end_at timestamp with time zone,
    role_id integer NOT NULL,
    name character varying(50) NOT NULL,
    phone character varying(15) NOT NULL,
    email character varying(100) NOT NULL,
    password text NOT NULL
);


ALTER TABLE public.account OWNER TO postgres;

--
-- Name: COLUMN account.end_at; Type: COMMENT; Schema: public; Owner: postgres
--

COMMENT ON COLUMN public.account.end_at IS 'When this schedule is no longer valid';


--
-- Name: COLUMN account.phone; Type: COMMENT; Schema: public; Owner: postgres
--

COMMENT ON COLUMN public.account.phone IS 'can use 0 or + 84';


--
-- Name: COLUMN account.email; Type: COMMENT; Schema: public; Owner: postgres
--

COMMENT ON COLUMN public.account.email IS 'username';


--
-- Name: COLUMN account.password; Type: COMMENT; Schema: public; Owner: postgres
--

COMMENT ON COLUMN public.account.password IS 'must be encrypted';


--
-- Name: account_id_seq; Type: SEQUENCE; Schema: public; Owner: postgres
--

ALTER TABLE public.account ALTER COLUMN id ADD GENERATED BY DEFAULT AS IDENTITY (
    SEQUENCE NAME public.account_id_seq
    START WITH 1
    INCREMENT BY 1
    NO MINVALUE
    NO MAXVALUE
    CACHE 1
);


--
-- Name: attendance; Type: TABLE; Schema: public; Owner: postgres
--

CREATE TABLE public.attendance (
    id integer NOT NULL,
    create_at timestamp with time zone,
    update_at timestamp with time zone,
    end_at timestamp with time zone,
    schedule_id integer NOT NULL,
    student_id integer NOT NULL,
    status character varying(20) NOT NULL,
    description text
);


ALTER TABLE public.attendance OWNER TO postgres;

--
-- Name: TABLE attendance; Type: COMMENT; Schema: public; Owner: postgres
--

COMMENT ON TABLE public.attendance IS 'Storing status attendance for each student in one lecture that run in schedule';


--
-- Name: COLUMN attendance.end_at; Type: COMMENT; Schema: public; Owner: postgres
--

COMMENT ON COLUMN public.attendance.end_at IS 'When this schedule is no longer valid';


--
-- Name: COLUMN attendance.status; Type: COMMENT; Schema: public; Owner: postgres
--

COMMENT ON COLUMN public.attendance.status IS 'ABSENT, PRESENT, MAKE UP [group_name]';


--
-- Name: attendance_id_seq; Type: SEQUENCE; Schema: public; Owner: postgres
--

ALTER TABLE public.attendance ALTER COLUMN id ADD GENERATED BY DEFAULT AS IDENTITY (
    SEQUENCE NAME public.attendance_id_seq
    START WITH 1
    INCREMENT BY 1
    NO MINVALUE
    NO MAXVALUE
    CACHE 1
);


--
-- Name: exam; Type: TABLE; Schema: public; Owner: postgres
--

CREATE TABLE public.exam (
    id integer NOT NULL,
    create_at timestamp with time zone,
    update_at timestamp with time zone,
    end_at timestamp with time zone,
    name text NOT NULL,
    description text,
    type character varying(30),
    test_date timestamp with time zone
);


ALTER TABLE public.exam OWNER TO postgres;

--
-- Name: TABLE exam; Type: COMMENT; Schema: public; Owner: postgres
--

COMMENT ON TABLE public.exam IS 'Storing status attendance for each student in one lecture that run in schedule';


--
-- Name: COLUMN exam.end_at; Type: COMMENT; Schema: public; Owner: postgres
--

COMMENT ON COLUMN public.exam.end_at IS 'When this schedule is no longer valid';


--
-- Name: COLUMN exam.type; Type: COMMENT; Schema: public; Owner: postgres
--

COMMENT ON COLUMN public.exam.type IS 'CENTER, SCHOOL';


--
-- Name: exam_id_seq; Type: SEQUENCE; Schema: public; Owner: postgres
--

ALTER TABLE public.exam ALTER COLUMN id ADD GENERATED BY DEFAULT AS IDENTITY (
    SEQUENCE NAME public.exam_id_seq
    START WITH 1
    INCREMENT BY 1
    NO MINVALUE
    NO MAXVALUE
    CACHE 1
);


--
-- Name: fee; Type: TABLE; Schema: public; Owner: postgres
--

CREATE TABLE public.fee (
    id integer NOT NULL,
    create_at timestamp with time zone,
    update_at timestamp with time zone,
    end_at timestamp with time zone,
    start_time timestamp with time zone,
    end_time timestamp with time zone,
    name text NOT NULL,
    description text,
    amount numeric(10,2) NOT NULL
);


ALTER TABLE public.fee OWNER TO postgres;

--
-- Name: COLUMN fee.end_at; Type: COMMENT; Schema: public; Owner: postgres
--

COMMENT ON COLUMN public.fee.end_at IS 'When this schedule is no longer valid';


--
-- Name: COLUMN fee.start_time; Type: COMMENT; Schema: public; Owner: postgres
--

COMMENT ON COLUMN public.fee.start_time IS 'start time for thí fee';


--
-- Name: COLUMN fee.end_time; Type: COMMENT; Schema: public; Owner: postgres
--

COMMENT ON COLUMN public.fee.end_time IS 'Use as Deadline for this';


--
-- Name: fee_id_seq; Type: SEQUENCE; Schema: public; Owner: postgres
--

ALTER TABLE public.fee ALTER COLUMN id ADD GENERATED BY DEFAULT AS IDENTITY (
    SEQUENCE NAME public.fee_id_seq
    START WITH 1
    INCREMENT BY 1
    NO MINVALUE
    NO MAXVALUE
    CACHE 1
);


--
-- Name: grade; Type: TABLE; Schema: public; Owner: postgres
--

CREATE TABLE public.grade (
    id integer NOT NULL,
    create_at timestamp with time zone,
    update_at timestamp with time zone,
    end_at timestamp with time zone,
    name character varying(30) NOT NULL
);


ALTER TABLE public.grade OWNER TO postgres;

--
-- Name: grade_id_seq; Type: SEQUENCE; Schema: public; Owner: postgres
--

ALTER TABLE public.grade ALTER COLUMN id ADD GENERATED BY DEFAULT AS IDENTITY (
    SEQUENCE NAME public.grade_id_seq
    START WITH 1
    INCREMENT BY 1
    NO MINVALUE
    NO MAXVALUE
    CACHE 1
);


--
-- Name: group; Type: TABLE; Schema: public; Owner: postgres
--

CREATE TABLE public."group" (
    id integer NOT NULL,
    create_at timestamp with time zone,
    update_at timestamp with time zone,
    end_at timestamp with time zone,
    name text NOT NULL,
    level character varying(10) NOT NULL,
    fee_id integer NOT NULL,
    academic_year_id integer NOT NULL,
    grade_id integer NOT NULL
);


ALTER TABLE public."group" OWNER TO postgres;

--
-- Name: COLUMN "group".end_at; Type: COMMENT; Schema: public; Owner: postgres
--

COMMENT ON COLUMN public."group".end_at IS 'When this schedule is no longer valid';


--
-- Name: COLUMN "group".level; Type: COMMENT; Schema: public; Owner: postgres
--

COMMENT ON COLUMN public."group".level IS 'VIP, NORMAL, ADVANCE';


--
-- Name: group_id_seq; Type: SEQUENCE; Schema: public; Owner: postgres
--

ALTER TABLE public."group" ALTER COLUMN id ADD GENERATED BY DEFAULT AS IDENTITY (
    SEQUENCE NAME public.group_id_seq
    START WITH 1
    INCREMENT BY 1
    NO MINVALUE
    NO MAXVALUE
    CACHE 1
);


--
-- Name: group_schedule; Type: TABLE; Schema: public; Owner: postgres
--

CREATE TABLE public.group_schedule (
    id integer NOT NULL,
    create_at timestamp with time zone,
    update_at timestamp with time zone,
    end_at timestamp with time zone,
    group_id integer NOT NULL,
    day_of_week character varying(10) NOT NULL,
    start_time time without time zone NOT NULL,
    end_time time without time zone NOT NULL,
    room_id integer
);


ALTER TABLE public.group_schedule OWNER TO postgres;

--
-- Name: TABLE group_schedule; Type: COMMENT; Schema: public; Owner: postgres
--

COMMENT ON TABLE public.group_schedule IS 'Store fix schedule of the group';


--
-- Name: COLUMN group_schedule.end_at; Type: COMMENT; Schema: public; Owner: postgres
--

COMMENT ON COLUMN public.group_schedule.end_at IS 'When this schedule is no longer valid';


--
-- Name: COLUMN group_schedule.day_of_week; Type: COMMENT; Schema: public; Owner: postgres
--

COMMENT ON COLUMN public.group_schedule.day_of_week IS 'e.g., Monday, Tuesday';


--
-- Name: COLUMN group_schedule.start_time; Type: COMMENT; Schema: public; Owner: postgres
--

COMMENT ON COLUMN public.group_schedule.start_time IS 'e.g., 17:00';


--
-- Name: COLUMN group_schedule.end_time; Type: COMMENT; Schema: public; Owner: postgres
--

COMMENT ON COLUMN public.group_schedule.end_time IS 'e.g., 19:00';


--
-- Name: group_schedule_id_seq; Type: SEQUENCE; Schema: public; Owner: postgres
--

ALTER TABLE public.group_schedule ALTER COLUMN id ADD GENERATED BY DEFAULT AS IDENTITY (
    SEQUENCE NAME public.group_schedule_id_seq
    START WITH 1
    INCREMENT BY 1
    NO MINVALUE
    NO MAXVALUE
    CACHE 1
);


--
-- Name: group_session; Type: TABLE; Schema: public; Owner: postgres
--

CREATE TABLE public.group_session (
    id integer NOT NULL,
    create_at timestamp with time zone,
    update_at timestamp with time zone,
    end_at timestamp with time zone,
    session_type character varying(20),
    date date,
    start_time time without time zone,
    end_time time without time zone
);


ALTER TABLE public.group_session OWNER TO postgres;

--
-- Name: TABLE group_session; Type: COMMENT; Schema: public; Owner: postgres
--

COMMENT ON TABLE public.group_session IS 'This table present for extra class or examination, and the time can prefer for many group';


--
-- Name: COLUMN group_session.end_at; Type: COMMENT; Schema: public; Owner: postgres
--

COMMENT ON COLUMN public.group_session.end_at IS 'When this session is no longer valid';


--
-- Name: COLUMN group_session.session_type; Type: COMMENT; Schema: public; Owner: postgres
--

COMMENT ON COLUMN public.group_session.session_type IS 'SUPPLEMENTARY, TEST';


--
-- Name: COLUMN group_session.date; Type: COMMENT; Schema: public; Owner: postgres
--

COMMENT ON COLUMN public.group_session.date IS 'e.g., 2025-06-20';


--
-- Name: COLUMN group_session.start_time; Type: COMMENT; Schema: public; Owner: postgres
--

COMMENT ON COLUMN public.group_session.start_time IS 'e.g., 14:00';


--
-- Name: COLUMN group_session.end_time; Type: COMMENT; Schema: public; Owner: postgres
--

COMMENT ON COLUMN public.group_session.end_time IS 'e.g., 16:00';


--
-- Name: group_session_group; Type: TABLE; Schema: public; Owner: postgres
--

CREATE TABLE public.group_session_group (
    group_id integer NOT NULL,
    group_session_id integer NOT NULL
);


ALTER TABLE public.group_session_group OWNER TO postgres;

--
-- Name: group_session_id_seq; Type: SEQUENCE; Schema: public; Owner: postgres
--

ALTER TABLE public.group_session ALTER COLUMN id ADD GENERATED BY DEFAULT AS IDENTITY (
    SEQUENCE NAME public.group_session_id_seq
    START WITH 1
    INCREMENT BY 1
    NO MINVALUE
    NO MAXVALUE
    CACHE 1
);


--
-- Name: payment_detail; Type: TABLE; Schema: public; Owner: postgres
--

CREATE TABLE public.payment_detail (
    id integer NOT NULL,
    create_at timestamp with time zone,
    update_at timestamp with time zone,
    end_at timestamp with time zone,
    fee_id integer NOT NULL,
    student_id integer NOT NULL,
    pay_method character varying(20) NOT NULL,
    amount numeric(10,2) NOT NULL,
    description text,
    have_discount numeric(10,2)
);


ALTER TABLE public.payment_detail OWNER TO postgres;

--
-- Name: COLUMN payment_detail.end_at; Type: COMMENT; Schema: public; Owner: postgres
--

COMMENT ON COLUMN public.payment_detail.end_at IS 'When this schedule is no longer valid';


--
-- Name: COLUMN payment_detail.pay_method; Type: COMMENT; Schema: public; Owner: postgres
--

COMMENT ON COLUMN public.payment_detail.pay_method IS 'CASH, BANKING';


--
-- Name: COLUMN payment_detail.amount; Type: COMMENT; Schema: public; Owner: postgres
--

COMMENT ON COLUMN public.payment_detail.amount IS 'Amount of money';


--
-- Name: COLUMN payment_detail.have_discount; Type: COMMENT; Schema: public; Owner: postgres
--

COMMENT ON COLUMN public.payment_detail.have_discount IS 'amount that have been discount';


--
-- Name: payment_detail_id_seq; Type: SEQUENCE; Schema: public; Owner: postgres
--

ALTER TABLE public.payment_detail ALTER COLUMN id ADD GENERATED BY DEFAULT AS IDENTITY (
    SEQUENCE NAME public.payment_detail_id_seq
    START WITH 1
    INCREMENT BY 1
    NO MINVALUE
    NO MAXVALUE
    CACHE 1
);


--
-- Name: role; Type: TABLE; Schema: public; Owner: postgres
--

CREATE TABLE public.role (
    id integer NOT NULL,
    create_at timestamp with time zone,
    update_at timestamp with time zone,
    end_at timestamp with time zone,
    name character varying(20) NOT NULL
);


ALTER TABLE public.role OWNER TO postgres;

--
-- Name: role_id_seq; Type: SEQUENCE; Schema: public; Owner: postgres
--

ALTER TABLE public.role ALTER COLUMN id ADD GENERATED BY DEFAULT AS IDENTITY (
    SEQUENCE NAME public.role_id_seq
    START WITH 1
    INCREMENT BY 1
    NO MINVALUE
    NO MAXVALUE
    CACHE 1
);


--
-- Name: room; Type: TABLE; Schema: public; Owner: postgres
--

CREATE TABLE public.room (
    id integer NOT NULL,
    create_at timestamp with time zone,
    update_at timestamp with time zone,
    end_at timestamp with time zone,
    name text NOT NULL,
    location text NOT NULL,
    capacity integer NOT NULL
);


ALTER TABLE public.room OWNER TO postgres;

--
-- Name: COLUMN room.end_at; Type: COMMENT; Schema: public; Owner: postgres
--

COMMENT ON COLUMN public.room.end_at IS 'When this schedule is no longer valid';


--
-- Name: room_id_seq; Type: SEQUENCE; Schema: public; Owner: postgres
--

ALTER TABLE public.room ALTER COLUMN id ADD GENERATED BY DEFAULT AS IDENTITY (
    SEQUENCE NAME public.room_id_seq
    START WITH 1
    INCREMENT BY 1
    NO MINVALUE
    NO MAXVALUE
    CACHE 1
);


--
-- Name: schedule; Type: TABLE; Schema: public; Owner: postgres
--

CREATE TABLE public.schedule (
    id integer NOT NULL,
    create_at timestamp with time zone,
    update_at timestamp with time zone,
    end_at timestamp with time zone,
    teacher_id integer,
    room_id integer,
    group_id integer NOT NULL,
    start_time timestamp with time zone,
    end_time timestamp with time zone,
    delivery_mode character varying(20),
    meeting_link text
);


ALTER TABLE public.schedule OWNER TO postgres;

--
-- Name: TABLE schedule; Type: COMMENT; Schema: public; Owner: postgres
--

COMMENT ON TABLE public.schedule IS 'Table present for the schedule in real time, generate everyweek base on Manager or automatic.';


--
-- Name: COLUMN schedule.end_at; Type: COMMENT; Schema: public; Owner: postgres
--

COMMENT ON COLUMN public.schedule.end_at IS 'When this session is no longer valid';


--
-- Name: COLUMN schedule.start_time; Type: COMMENT; Schema: public; Owner: postgres
--

COMMENT ON COLUMN public.schedule.start_time IS 'e.g., 17:20, 15/06/2025';


--
-- Name: COLUMN schedule.end_time; Type: COMMENT; Schema: public; Owner: postgres
--

COMMENT ON COLUMN public.schedule.end_time IS 'e.g., 19:20, 15/06/2025';


--
-- Name: COLUMN schedule.delivery_mode; Type: COMMENT; Schema: public; Owner: postgres
--

COMMENT ON COLUMN public.schedule.delivery_mode IS 'ONLINE, OFFLINE, HYBRID';


--
-- Name: COLUMN schedule.meeting_link; Type: COMMENT; Schema: public; Owner: postgres
--

COMMENT ON COLUMN public.schedule.meeting_link IS 'link for meeting';


--
-- Name: schedule_id_seq; Type: SEQUENCE; Schema: public; Owner: postgres
--

ALTER TABLE public.schedule ALTER COLUMN id ADD GENERATED BY DEFAULT AS IDENTITY (
    SEQUENCE NAME public.schedule_id_seq
    START WITH 1
    INCREMENT BY 1
    NO MINVALUE
    NO MAXVALUE
    CACHE 1
);


--
-- Name: school; Type: TABLE; Schema: public; Owner: postgres
--

CREATE TABLE public.school (
    id integer NOT NULL,
    create_at timestamp with time zone,
    update_at timestamp with time zone,
    end_at timestamp with time zone,
    name character varying(50) NOT NULL
);


ALTER TABLE public.school OWNER TO postgres;

--
-- Name: TABLE school; Type: COMMENT; Schema: public; Owner: postgres
--

COMMENT ON TABLE public.school IS 'Storing just school name';


--
-- Name: school_class; Type: TABLE; Schema: public; Owner: postgres
--

CREATE TABLE public.school_class (
    id integer NOT NULL,
    create_at timestamp with time zone,
    update_at timestamp with time zone,
    end_at timestamp with time zone,
    name character varying(20) NOT NULL
);


ALTER TABLE public.school_class OWNER TO postgres;

--
-- Name: TABLE school_class; Type: COMMENT; Schema: public; Owner: postgres
--

COMMENT ON TABLE public.school_class IS 'Storing the name of the class that might appear in school. Just storing the name';


--
-- Name: school_class_id_seq; Type: SEQUENCE; Schema: public; Owner: postgres
--

ALTER TABLE public.school_class ALTER COLUMN id ADD GENERATED BY DEFAULT AS IDENTITY (
    SEQUENCE NAME public.school_class_id_seq
    START WITH 1
    INCREMENT BY 1
    NO MINVALUE
    NO MAXVALUE
    CACHE 1
);


--
-- Name: school_id_seq; Type: SEQUENCE; Schema: public; Owner: postgres
--

ALTER TABLE public.school ALTER COLUMN id ADD GENERATED BY DEFAULT AS IDENTITY (
    SEQUENCE NAME public.school_id_seq
    START WITH 1
    INCREMENT BY 1
    NO MINVALUE
    NO MAXVALUE
    CACHE 1
);


--
-- Name: score; Type: TABLE; Schema: public; Owner: postgres
--

CREATE TABLE public.score (
    id integer NOT NULL,
    create_at timestamp with time zone,
    update_at timestamp with time zone,
    end_at timestamp with time zone,
    exam_id integer NOT NULL,
    student_id integer NOT NULL,
    score integer,
    description text
);


ALTER TABLE public.score OWNER TO postgres;

--
-- Name: TABLE score; Type: COMMENT; Schema: public; Owner: postgres
--

COMMENT ON TABLE public.score IS 'Storing status attendance for each student in one lecture that run in schedule';


--
-- Name: COLUMN score.end_at; Type: COMMENT; Schema: public; Owner: postgres
--

COMMENT ON COLUMN public.score.end_at IS 'When this schedule is no longer valid';


--
-- Name: score_id_seq; Type: SEQUENCE; Schema: public; Owner: postgres
--

ALTER TABLE public.score ALTER COLUMN id ADD GENERATED BY DEFAULT AS IDENTITY (
    SEQUENCE NAME public.score_id_seq
    START WITH 1
    INCREMENT BY 1
    NO MINVALUE
    NO MAXVALUE
    CACHE 1
);


--
-- Name: student; Type: TABLE; Schema: public; Owner: postgres
--

CREATE TABLE public.student (
    id integer NOT NULL,
    create_at timestamp with time zone,
    update_at timestamp with time zone,
    end_at timestamp with time zone,
    name character varying(100) NOT NULL,
    parent_phone character varying(15)
);


ALTER TABLE public.student OWNER TO postgres;

--
-- Name: TABLE student; Type: COMMENT; Schema: public; Owner: postgres
--

COMMENT ON TABLE public.student IS 'Student is not apart of our user, justr collect like the data';


--
-- Name: COLUMN student.end_at; Type: COMMENT; Schema: public; Owner: postgres
--

COMMENT ON COLUMN public.student.end_at IS 'When this schedule is no longer valid';


--
-- Name: COLUMN student.parent_phone; Type: COMMENT; Schema: public; Owner: postgres
--

COMMENT ON COLUMN public.student.parent_phone IS 'nullable because sometime we dont store their parent number';


--
-- Name: student_detail; Type: TABLE; Schema: public; Owner: postgres
--

CREATE TABLE public.student_detail (
    id integer NOT NULL,
    create_at timestamp with time zone,
    update_at timestamp with time zone,
    end_at timestamp with time zone,
    school_id integer,
    school_class_id integer,
    academic_year_id integer NOT NULL,
    grade_id integer NOT NULL,
    group_id integer,
    student_id integer NOT NULL
);


ALTER TABLE public.student_detail OWNER TO postgres;

--
-- Name: TABLE student_detail; Type: COMMENT; Schema: public; Owner: postgres
--

COMMENT ON TABLE public.student_detail IS 'Storing status attendance for each student in one lecture that run in schedule';


--
-- Name: COLUMN student_detail.end_at; Type: COMMENT; Schema: public; Owner: postgres
--

COMMENT ON COLUMN public.student_detail.end_at IS 'When this schedule is no longer valid';


--
-- Name: student_detail_id_seq; Type: SEQUENCE; Schema: public; Owner: postgres
--

ALTER TABLE public.student_detail ALTER COLUMN id ADD GENERATED BY DEFAULT AS IDENTITY (
    SEQUENCE NAME public.student_detail_id_seq
    START WITH 1
    INCREMENT BY 1
    NO MINVALUE
    NO MAXVALUE
    CACHE 1
);


--
-- Name: student_id_seq; Type: SEQUENCE; Schema: public; Owner: postgres
--

ALTER TABLE public.student ALTER COLUMN id ADD GENERATED BY DEFAULT AS IDENTITY (
    SEQUENCE NAME public.student_id_seq
    START WITH 1
    INCREMENT BY 1
    NO MINVALUE
    NO MAXVALUE
    CACHE 1
);


--
-- Name: teacher; Type: TABLE; Schema: public; Owner: postgres
--

CREATE TABLE public.teacher (
    id integer NOT NULL,
    create_at timestamp with time zone,
    update_at timestamp with time zone,
    end_at timestamp with time zone,
    account_id integer NOT NULL
);


ALTER TABLE public.teacher OWNER TO postgres;

--
-- Name: TABLE teacher; Type: COMMENT; Schema: public; Owner: postgres
--

COMMENT ON TABLE public.teacher IS 'This table for storing teacher detail, now is don''t have any important field, but in future mmight.';


--
-- Name: COLUMN teacher.end_at; Type: COMMENT; Schema: public; Owner: postgres
--

COMMENT ON COLUMN public.teacher.end_at IS 'When this schedule is no longer valid';


--
-- Name: teacher_detail; Type: TABLE; Schema: public; Owner: postgres
--

CREATE TABLE public.teacher_detail (
    id integer NOT NULL,
    create_at timestamp with time zone,
    update_at timestamp with time zone,
    end_at timestamp with time zone,
    teacher_id integer NOT NULL,
    school_id integer NOT NULL,
    school_class_id integer NOT NULL
);


ALTER TABLE public.teacher_detail OWNER TO postgres;

--
-- Name: TABLE teacher_detail; Type: COMMENT; Schema: public; Owner: postgres
--

COMMENT ON TABLE public.teacher_detail IS 'table for storing teacher teach at what school and which class of that school, maybe have duplicated, but fine for that';


--
-- Name: COLUMN teacher_detail.end_at; Type: COMMENT; Schema: public; Owner: postgres
--

COMMENT ON COLUMN public.teacher_detail.end_at IS 'When this schedule is no longer valid';


--
-- Name: teacher_detail_id_seq; Type: SEQUENCE; Schema: public; Owner: postgres
--

ALTER TABLE public.teacher_detail ALTER COLUMN id ADD GENERATED BY DEFAULT AS IDENTITY (
    SEQUENCE NAME public.teacher_detail_id_seq
    START WITH 1
    INCREMENT BY 1
    NO MINVALUE
    NO MAXVALUE
    CACHE 1
);


--
-- Name: teacher_id_seq; Type: SEQUENCE; Schema: public; Owner: postgres
--

ALTER TABLE public.teacher ALTER COLUMN id ADD GENERATED BY DEFAULT AS IDENTITY (
    SEQUENCE NAME public.teacher_id_seq
    START WITH 1
    INCREMENT BY 1
    NO MINVALUE
    NO MAXVALUE
    CACHE 1
);


--
-- Data for Name: academic_year; Type: TABLE DATA; Schema: public; Owner: postgres
--

INSERT INTO public.academic_year VALUES (1, '2022-07-31 17:00:00+00', NULL, NULL, '2022-2023');
INSERT INTO public.academic_year VALUES (2, '2023-07-31 17:00:00+00', NULL, NULL, '2023-2024');
INSERT INTO public.academic_year VALUES (3, '2024-07-31 17:00:00+00', NULL, NULL, '2024-2025');
INSERT INTO public.academic_year VALUES (4, '2025-05-18 17:00:00+00', NULL, NULL, '2025-2026');


--
-- Data for Name: account; Type: TABLE DATA; Schema: public; Owner: postgres
--

INSERT INTO public.account VALUES (1, '2025-04-30 17:00:00+00', NULL, NULL, 1, 'Thái Tuyết Nhung', '0978786188', 'nhung-ngan-ha@gmail.com', '{bcrypt}$2a$12$4/JeVeuHPg1BnRTZnfj92.qTol.u8P5ZDZ4vZ4C5b4EuuUvInaoC.');
INSERT INTO public.account VALUES (2, '2025-04-30 17:00:00+00', NULL, NULL, 1, 'Example2', '0978786188', 'Example1', '{bcrypt}$2a$12$4/JeVeuHPg1BnRTZnfj92.qTol.u8P5ZDZ4vZ4C5b4EuuUvInaoC.');
INSERT INTO public.account VALUES (3, '2025-04-30 17:00:00+00', NULL, NULL, 3, 'Đặng Thái Bình', '0939464077', 'dthaibinh03@gmail.com', '{bcrypt}$2a$12$dloSBiTpQIpf4VDOC7oAS.f.4dCef/AWNHeEd5WFqqxcTnh1Zl/ui');
INSERT INTO public.account VALUES (4, '2025-04-30 17:00:00+00', NULL, NULL, 3, 'John Doe', '0939464000', 'johndoe@gmail.com', '{bcrypt}$2a$12$4n7xavwfLlvddHwyHr5oke0XeCZOA1aAKiseSKJJgoesu9WXEnuyi');
INSERT INTO public.account VALUES (5, '2025-04-30 17:00:00+00', NULL, NULL, 2, 'Nguyễn Hoàng Trung', '0939464017', 'trung-nguyen@gmail.com', '{bcrypt}$2a$12$SyS32lt/YfYACgXM55NsLutgpitq2ui1A9CgSwk3uU1x0IXLFLQ4.');
INSERT INTO public.account VALUES (6, '2025-06-18 12:35:32.983216+00', NULL, NULL, 2, 'Hoang Viet', '+84 937 230 202', 'hhviet@ctu.edu.vn', '{bcrypt}$2a$10$L1UOglGTdg6jw6Hi9GV1.uTs42E5sk2rlhMMDKfcwMyoLaQ7CK8dK');
INSERT INTO public.account VALUES (7, '2025-04-30 17:00:00+00', NULL, NULL, 2, 'Nguyễn Văn Nhân', '0978786188', 'nhan@gmail.com', '{bcrypt}$2a$12$4/JeVeuHPg1BnRTZnfj92.qTol.u8P5ZDZ4vZ4C5b4EuuUvInaoC.');
INSERT INTO public.account VALUES (8, '2025-04-30 17:00:00+00', NULL, NULL, 2, 'Nguyễn Thị Giúp', '0978786188', 'giup@gmail.com', '{bcrypt}$2a$12$4/JeVeuHPg1BnRTZnfj92.qTol.u8P5ZDZ4vZ4C5b4EuuUvInaoC.');


--
-- Data for Name: attendance; Type: TABLE DATA; Schema: public; Owner: postgres
--



--
-- Data for Name: exam; Type: TABLE DATA; Schema: public; Owner: postgres
--



--
-- Data for Name: fee; Type: TABLE DATA; Schema: public; Owner: postgres
--

INSERT INTO public.fee VALUES (1, '2025-07-11 12:51:54.353113+00', '2025-07-13 13:49:37.132134+00', NULL, '2025-07-11 12:51:54.105+00', '2026-07-11 12:51:54.105+00', 'học phí hè 12 2025-2026', 'Ai đóng trước tiền giấy chỉ cần đóng 1.300.000', 1500000.00);


--
-- Data for Name: grade; Type: TABLE DATA; Schema: public; Owner: postgres
--

INSERT INTO public.grade VALUES (1, '2024-09-04 17:00:00+00', NULL, NULL, '1');
INSERT INTO public.grade VALUES (2, '2024-09-04 17:00:00+00', NULL, NULL, '2');
INSERT INTO public.grade VALUES (3, '2024-09-04 17:00:00+00', NULL, NULL, '3');
INSERT INTO public.grade VALUES (4, '2024-09-04 17:00:00+00', NULL, NULL, '4');
INSERT INTO public.grade VALUES (5, '2024-09-04 17:00:00+00', NULL, NULL, '5');
INSERT INTO public.grade VALUES (6, '2024-09-04 17:00:00+00', NULL, NULL, '6');
INSERT INTO public.grade VALUES (7, '2024-09-04 17:00:00+00', NULL, NULL, '7');
INSERT INTO public.grade VALUES (8, '2024-09-04 17:00:00+00', NULL, NULL, '8');
INSERT INTO public.grade VALUES (9, '2024-09-04 17:00:00+00', NULL, NULL, '9');
INSERT INTO public.grade VALUES (10, '2024-09-04 17:00:00+00', NULL, NULL, '10');
INSERT INTO public.grade VALUES (11, '2024-09-04 17:00:00+00', NULL, NULL, '11');
INSERT INTO public.grade VALUES (12, '2024-09-04 17:00:00+00', NULL, NULL, '12');
INSERT INTO public.grade VALUES (13, '2024-09-04 17:00:00+00', NULL, NULL, 'Thí Sinh Tự Do');


--
-- Data for Name: group; Type: TABLE DATA; Schema: public; Owner: postgres
--

INSERT INTO public."group" VALUES (1, '2025-07-11 12:53:13.982156+00', NULL, NULL, '12NC1', 'ADVANCED', 1, 4, 12);
INSERT INTO public."group" VALUES (2, '2025-07-12 03:28:42.234604+00', '2025-07-12 03:59:45.237569+00', NULL, '12NC2', 'ADVANCED', 1, 4, 12);
INSERT INTO public."group" VALUES (4, '2025-07-13 14:11:41.061143+00', '2025-07-13 14:57:40.753826+00', NULL, '12VIP', 'VIP', 1, 4, 12);
INSERT INTO public."group" VALUES (3, '2025-07-12 09:22:15.855888+00', '2025-07-13 14:58:49.585655+00', NULL, '12NC3', 'ADVANCED', 1, 4, 12);


--
-- Data for Name: group_schedule; Type: TABLE DATA; Schema: public; Owner: postgres
--

INSERT INTO public.group_schedule VALUES (7, '2025-07-12 03:59:45.229538+00', NULL, NULL, 2, 'THURSDAY', '17:20:00', '19:00:00', 1);
INSERT INTO public.group_schedule VALUES (1, '2025-07-11 12:53:13.993166+00', NULL, NULL, 1, 'MONDAY', '17:20:00', '19:00:00', 1);
INSERT INTO public.group_schedule VALUES (3, '2025-07-11 12:53:13.996509+00', NULL, NULL, 1, 'FRIDAY', '17:20:00', '19:00:00', 1);
INSERT INTO public.group_schedule VALUES (34, '2025-07-13 14:58:49.573489+00', NULL, NULL, 3, 'MONDAY', '19:20:00', '21:00:00', 1);
INSERT INTO public.group_schedule VALUES (9, '2025-07-12 03:59:45.233551+00', NULL, NULL, 2, 'SATURDAY', '17:20:00', '19:00:00', 1);
INSERT INTO public.group_schedule VALUES (29, '2025-07-13 14:57:40.753826+00', NULL, NULL, 4, 'MONDAY', '17:20:00', '19:00:00', 1);
INSERT INTO public.group_schedule VALUES (8, '2025-07-12 03:59:45.232544+00', NULL, NULL, 2, 'TUESDAY', '17:20:00', '19:00:00', 1);
INSERT INTO public.group_schedule VALUES (2, '2025-07-11 12:53:13.996509+00', NULL, NULL, 1, 'WEDNESDAY', '17:20:00', '19:00:00', 1);
INSERT INTO public.group_schedule VALUES (28, '2025-07-13 14:57:40.74901+00', NULL, NULL, 4, 'WEDNESDAY', '17:20:00', '19:00:00', 1);
INSERT INTO public.group_schedule VALUES (35, '2025-07-13 14:58:49.575498+00', NULL, NULL, 3, 'FRIDAY', '19:20:00', '21:00:00', 1);
INSERT INTO public.group_schedule VALUES (30, '2025-07-13 14:57:40.753826+00', NULL, NULL, 4, 'FRIDAY', '17:20:00', '19:00:00', 1);
INSERT INTO public.group_schedule VALUES (36, '2025-07-13 14:58:49.578613+00', NULL, NULL, 3, 'WEDNESDAY', '19:20:00', '21:00:00', 1);


--
-- Data for Name: group_session; Type: TABLE DATA; Schema: public; Owner: postgres
--



--
-- Data for Name: group_session_group; Type: TABLE DATA; Schema: public; Owner: postgres
--



--
-- Data for Name: payment_detail; Type: TABLE DATA; Schema: public; Owner: postgres
--

INSERT INTO public.payment_detail VALUES (1, '2025-07-11 16:27:39.982822+00', NULL, NULL, 1, 6, 'CASH', 100000.00, 'Tiền tài liệu đóng trước', 0.00);
INSERT INTO public.payment_detail VALUES (2, '2025-07-11 16:32:27.322678+00', NULL, NULL, 1, 16, 'CASH', 100000.00, 'đóng 100k tiền tài liệu', 0.00);
INSERT INTO public.payment_detail VALUES (3, '2025-07-11 16:51:07.060207+00', NULL, NULL, 1, 18, 'CASH', 100000.00, 'Đóng trước 100k tiền tài liệu', 0.00);
INSERT INTO public.payment_detail VALUES (4, '2025-07-11 16:51:30.831658+00', NULL, NULL, 1, 23, 'CASH', 1400000.00, '', 0.00);
INSERT INTO public.payment_detail VALUES (5, '2025-07-11 16:51:45.585839+00', NULL, NULL, 1, 26, 'CASH', 1400000.00, '', 0.00);
INSERT INTO public.payment_detail VALUES (6, '2025-07-11 16:52:08.564518+00', NULL, NULL, 1, 28, 'CASH', 100000.00, 'Tiền tài liệu đầu năm', 0.00);
INSERT INTO public.payment_detail VALUES (7, '2025-07-11 16:52:19.806394+00', NULL, NULL, 1, 30, 'CASH', 100000.00, 'Tiền tài liệu đầu năm', 0.00);
INSERT INTO public.payment_detail VALUES (8, '2025-07-11 16:52:29.255009+00', NULL, NULL, 1, 31, 'CASH', 100000.00, 'Tiền tài liệu đầu năm', 0.00);
INSERT INTO public.payment_detail VALUES (9, '2025-07-11 16:52:39.525371+00', NULL, NULL, 1, 33, 'CASH', 100000.00, 'Tiền tài liệu đầu năm', 0.00);
INSERT INTO public.payment_detail VALUES (12, '2025-07-13 13:51:16.625878+00', NULL, NULL, 1, 23, 'CASH', 100000.00, 'Tiền tài liệu', 0.00);
INSERT INTO public.payment_detail VALUES (13, '2025-07-13 14:07:37.3393+00', NULL, NULL, 1, 26, 'CASH', 100000.00, 'tiền tài liệu
', 0.00);
INSERT INTO public.payment_detail VALUES (18, '2025-07-13 15:42:55.389143+00', NULL, NULL, 1, 174, 'CASH', 1500000.00, '', 0.00);
INSERT INTO public.payment_detail VALUES (19, '2025-07-13 15:43:39.656429+00', NULL, NULL, 1, 121, 'CASH', 1500000.00, '', 0.00);
INSERT INTO public.payment_detail VALUES (20, '2025-07-13 15:44:23.377778+00', NULL, NULL, 1, 122, 'CASH', 1500000.00, '', 0.00);
INSERT INTO public.payment_detail VALUES (21, '2025-07-13 15:44:51.480587+00', NULL, NULL, 1, 125, 'CASH', 1500000.00, '', 0.00);
INSERT INTO public.payment_detail VALUES (22, '2025-07-13 15:45:36.283828+00', NULL, NULL, 1, 136, 'CASH', 100000.00, '', 0.00);
INSERT INTO public.payment_detail VALUES (23, '2025-07-13 15:47:21.778546+00', NULL, NULL, 1, 137, 'CASH', 400000.00, 'Đóng tháng 7', 0.00);
INSERT INTO public.payment_detail VALUES (24, '2025-07-13 15:50:12.665633+00', NULL, NULL, 1, 140, 'CASH', 1500000.00, '', 0.00);
INSERT INTO public.payment_detail VALUES (25, '2025-07-13 15:50:44.321459+00', NULL, NULL, 1, 143, 'CASH', 100000.00, 'Tiền tài liệu', 0.00);
INSERT INTO public.payment_detail VALUES (26, '2025-07-13 15:52:05.494318+00', NULL, NULL, 1, 147, 'CASH', 100000.00, '', 0.00);
INSERT INTO public.payment_detail VALUES (27, '2025-07-13 15:57:13.517154+00', NULL, NULL, 1, 148, 'CASH', 1500000.00, '', 0.00);
INSERT INTO public.payment_detail VALUES (28, '2025-07-13 16:01:43.585262+00', NULL, NULL, 1, 150, 'CASH', 1500000.00, '', 0.00);
INSERT INTO public.payment_detail VALUES (29, '2025-07-13 16:02:05.360828+00', NULL, NULL, 1, 154, 'CASH', 1500000.00, '', 0.00);
INSERT INTO public.payment_detail VALUES (30, '2025-07-13 16:03:02.426587+00', NULL, NULL, 1, 156, 'CASH', 1100000.00, 'Trường BM giảm học phí', 400000.00);
INSERT INTO public.payment_detail VALUES (31, '2025-07-13 16:03:33.155159+00', NULL, NULL, 1, 157, 'CASH', 100000.00, 'Tài liệu', 0.00);
INSERT INTO public.payment_detail VALUES (32, '2025-07-13 16:04:11.795171+00', NULL, NULL, 1, 158, 'CASH', 1100000.00, '', 400000.00);
INSERT INTO public.payment_detail VALUES (33, '2025-07-13 16:04:52.307238+00', NULL, NULL, 1, 159, 'CASH', 1500000.00, '', 0.00);
INSERT INTO public.payment_detail VALUES (34, '2025-07-13 16:05:11.645626+00', NULL, NULL, 1, 161, 'CASH', 1500000.00, '', 0.00);
INSERT INTO public.payment_detail VALUES (35, '2025-07-13 16:05:27.995644+00', NULL, NULL, 1, 162, 'CASH', 100000.00, 'tài liệu', 0.00);
INSERT INTO public.payment_detail VALUES (36, '2025-07-13 16:05:57.192921+00', NULL, NULL, 1, 163, 'CASH', 100000.00, 'Tài liệu đầu năm', 0.00);
INSERT INTO public.payment_detail VALUES (37, '2025-07-13 16:06:11.326475+00', NULL, NULL, 1, 162, 'CASH', 1400000.00, '', 0.00);
INSERT INTO public.payment_detail VALUES (38, '2025-07-13 16:06:31.038885+00', NULL, NULL, 1, 165, 'BANK_TRANSFER', 1500000.00, '', 0.00);
INSERT INTO public.payment_detail VALUES (39, '2025-07-13 16:06:48.312036+00', NULL, NULL, 1, 166, 'CASH', 1500000.00, '', 0.00);
INSERT INTO public.payment_detail VALUES (40, '2025-07-13 16:09:56.363332+00', NULL, NULL, 1, 169, 'CASH', 1500000.00, '', 0.00);
INSERT INTO public.payment_detail VALUES (41, '2025-07-13 16:13:50.585965+00', NULL, NULL, 1, 170, 'CASH', 1500000.00, '', 0.00);
INSERT INTO public.payment_detail VALUES (42, '2025-07-13 16:14:18.291362+00', NULL, NULL, 1, 171, 'CASH', 100000.00, 'Tài liệu', 0.00);
INSERT INTO public.payment_detail VALUES (43, '2025-07-13 16:15:02.291442+00', NULL, NULL, 1, 177, 'CASH', 1500000.00, '', 0.00);
INSERT INTO public.payment_detail VALUES (44, '2025-07-13 16:15:16.497139+00', NULL, NULL, 1, 178, 'CASH', 1500000.00, '', 0.00);
INSERT INTO public.payment_detail VALUES (45, '2025-07-13 16:15:35.42952+00', NULL, NULL, 1, 179, 'CASH', 100000.00, '', 0.00);
INSERT INTO public.payment_detail VALUES (46, '2025-07-13 16:15:48.472587+00', NULL, NULL, 1, 180, 'CASH', 100000.00, '', 0.00);
INSERT INTO public.payment_detail VALUES (47, '2025-07-13 16:16:28.350764+00', NULL, NULL, 1, 181, 'CASH', 100000.00, '', 0.00);
INSERT INTO public.payment_detail VALUES (48, '2025-07-13 16:35:11.242999+00', NULL, NULL, 1, 28, 'CASH', 100000.00, '', 0.00);
INSERT INTO public.payment_detail VALUES (49, '2025-07-13 16:35:54.589558+00', NULL, NULL, 1, 34, 'CASH', 1500000.00, '', 0.00);
INSERT INTO public.payment_detail VALUES (50, '2025-07-13 16:37:02.945671+00', NULL, NULL, 1, 41, 'CASH', 1120000.00, '', 380000.00);
INSERT INTO public.payment_detail VALUES (51, '2025-07-13 16:37:13.778581+00', NULL, NULL, 1, 83, 'CASH', 1500000.00, '', 0.00);
INSERT INTO public.payment_detail VALUES (52, '2025-07-13 16:37:37.878211+00', NULL, NULL, 1, 45, 'CASH', 100000.00, 'Tài Liệu', 0.00);
INSERT INTO public.payment_detail VALUES (53, '2025-07-13 16:37:54.32996+00', NULL, NULL, 1, 48, 'CASH', 100000.00, '', 0.00);
INSERT INTO public.payment_detail VALUES (54, '2025-07-13 16:38:26.268923+00', NULL, NULL, 1, 50, 'CASH', 1100000.00, '', 400000.00);
INSERT INTO public.payment_detail VALUES (55, '2025-07-13 16:39:08.936711+00', NULL, NULL, 1, 53, 'CASH', 100000.00, 'Tài liệu', 0.00);
INSERT INTO public.payment_detail VALUES (56, '2025-07-13 16:39:55.615094+00', NULL, NULL, 1, 74, 'CASH', 1500000.00, '', 0.00);
INSERT INTO public.payment_detail VALUES (57, '2025-07-13 16:40:09.236115+00', NULL, NULL, 1, 75, 'CASH', 1500000.00, '', 0.00);
INSERT INTO public.payment_detail VALUES (58, '2025-07-13 16:54:52.837864+00', NULL, NULL, 1, 77, 'BANK_TRANSFER', 1500000.00, '', 0.00);
INSERT INTO public.payment_detail VALUES (59, '2025-07-13 16:55:10.725423+00', NULL, NULL, 1, 85, 'CASH', 1500000.00, '', 0.00);
INSERT INTO public.payment_detail VALUES (60, '2025-07-13 16:55:35.13236+00', NULL, NULL, 1, 89, 'CASH', 100000.00, 'Tài liệu đầu năm', 0.00);
INSERT INTO public.payment_detail VALUES (61, '2025-07-13 16:55:51.964993+00', NULL, NULL, 1, 90, 'CASH', 100000.00, 'tài liệu', 0.00);
INSERT INTO public.payment_detail VALUES (62, '2025-07-13 16:56:08.223385+00', NULL, NULL, 1, 93, 'CASH', 100000.00, '', 0.00);
INSERT INTO public.payment_detail VALUES (63, '2025-07-13 16:56:50.003955+00', NULL, NULL, 1, 101, 'CASH', 1500000.00, '', 0.00);
INSERT INTO public.payment_detail VALUES (64, '2025-07-16 12:23:33.414402+00', NULL, NULL, 1, 90, 'CASH', 1400000.00, '', 0.00);


--
-- Data for Name: role; Type: TABLE DATA; Schema: public; Owner: postgres
--

INSERT INTO public.role VALUES (1, '2025-05-18 17:00:00+00', NULL, NULL, 'ROLE_ADMIN');
INSERT INTO public.role VALUES (2, '2025-05-18 17:00:00+00', NULL, NULL, 'ROLE_TEACHER');
INSERT INTO public.role VALUES (3, '2025-05-18 17:00:00+00', NULL, NULL, 'ROLE_MANAGER');
INSERT INTO public.role VALUES (4, '2025-05-18 17:00:00+00', NULL, NULL, 'ROLE_SECURITY');


--
-- Data for Name: room; Type: TABLE DATA; Schema: public; Owner: postgres
--

INSERT INTO public.room VALUES (1, '2024-09-04 17:00:00+00', NULL, NULL, 'Phòng lớn trệt', 'Hẻm 51', 50);
INSERT INTO public.room VALUES (2, '2024-09-04 17:00:00+00', NULL, NULL, 'Phòng lầu 1', 'Hẻm 51', 40);
INSERT INTO public.room VALUES (3, '2024-09-04 17:00:00+00', NULL, NULL, 'Phòng nhỏ trệt', 'Hẻm 51', 20);
INSERT INTO public.room VALUES (4, '2024-09-04 17:00:00+00', NULL, NULL, 'Phòng 1', 'Hẻm 558', 60);


--
-- Data for Name: schedule; Type: TABLE DATA; Schema: public; Owner: postgres
--

INSERT INTO public.schedule VALUES (12, '2025-07-23 09:05:03.359418+00', NULL, NULL, NULL, 1, 2, '2025-07-22 10:20:00+00', '2025-07-22 12:00:00+00', 'OFFLINE', NULL);
INSERT INTO public.schedule VALUES (13, '2025-07-23 09:05:03.492622+00', NULL, NULL, NULL, 1, 2, '2025-07-24 10:20:00+00', '2025-07-24 12:00:00+00', 'OFFLINE', NULL);
INSERT INTO public.schedule VALUES (14, '2025-07-23 09:05:03.609975+00', NULL, NULL, NULL, 1, 2, '2025-07-26 10:20:00+00', '2025-07-26 12:00:00+00', 'OFFLINE', NULL);


--
-- Data for Name: school; Type: TABLE DATA; Schema: public; Owner: postgres
--

INSERT INTO public.school VALUES (1, '2024-09-04 17:00:00+00', NULL, NULL, 'Trường THPT An Khánh');
INSERT INTO public.school VALUES (2, '2024-09-04 17:00:00+00', NULL, NULL, 'Trường THPT Châu Văn Liêm');
INSERT INTO public.school VALUES (3, '2024-09-04 17:00:00+00', NULL, NULL, 'Trường THPT Nguyễn Việt Dũng');
INSERT INTO public.school VALUES (4, '2024-09-04 17:00:00+00', NULL, NULL, 'Trường THPT Nguyễn Việt Hồng');
INSERT INTO public.school VALUES (5, '2024-09-04 17:00:00+00', NULL, NULL, 'Trường THPT Phan Ngọc Hiển');
INSERT INTO public.school VALUES (6, '2024-09-04 17:00:00+00', NULL, NULL, 'Trường THPT Bùi Hữu Nghĩa');
INSERT INTO public.school VALUES (7, '2024-09-04 17:00:00+00', NULL, NULL, 'Trường THPT Bình Minh');
INSERT INTO public.school VALUES (8, '2024-09-04 17:00:00+00', NULL, NULL, 'Trường THPT Lý Tự Trọng');
INSERT INTO public.school VALUES (9, '2024-09-04 17:00:00+00', NULL, NULL, 'Trường THPT Lưu Hữu Phước');
INSERT INTO public.school VALUES (10, '2024-09-04 17:00:00+00', NULL, NULL, 'Trường THPT Ngã Sáu');
INSERT INTO public.school VALUES (11, '2024-09-04 17:00:00+00', NULL, NULL, 'Trường THPT Thực Hành Sư Phạm');
INSERT INTO public.school VALUES (12, '2024-09-04 17:00:00+00', NULL, NULL, 'Trường THPT Trần Đại Nghĩa');
INSERT INTO public.school VALUES (13, '2024-09-04 17:00:00+00', NULL, NULL, 'Trường THPT Nguyễn Bình Khiêm');
INSERT INTO public.school VALUES (14, '2024-09-04 17:00:00+00', NULL, NULL, 'Trường THPT Song Phú');
INSERT INTO public.school VALUES (15, '2024-09-04 17:00:00+00', NULL, NULL, 'Trường THPT An Lạc Thôn');
INSERT INTO public.school VALUES (16, '2024-09-04 17:00:00+00', NULL, NULL, 'Trường THPT Thới Lai');
INSERT INTO public.school VALUES (17, '2024-09-04 17:00:00+00', NULL, NULL, 'Trường THPT Quốc Tế Hòa Bình');
INSERT INTO public.school VALUES (18, '2024-09-04 17:00:00+00', NULL, NULL, 'Trường THPT Châu Thành A');
INSERT INTO public.school VALUES (19, '2024-09-04 17:00:00+00', NULL, NULL, 'Thí Sinh Tự Do');
INSERT INTO public.school VALUES (20, '2024-09-04 17:00:00+00', NULL, NULL, 'Trường THPT Tầm Vu');
INSERT INTO public.school VALUES (21, '2025-07-13 19:17:51.873+00', NULL, NULL, 'Trường THPT Phan Văn Trị');
INSERT INTO public.school VALUES (22, '2025-07-13 17:05:13.348112+00', NULL, NULL, 'Trường THPT Giai Xuân');
INSERT INTO public.school VALUES (23, '2025-07-14 10:43:17.006055+00', NULL, NULL, 'Trường THPT Việt Hoa');


--
-- Data for Name: school_class; Type: TABLE DATA; Schema: public; Owner: postgres
--

INSERT INTO public.school_class VALUES (1, '2024-09-04 17:00:00+00', NULL, NULL, '10A');
INSERT INTO public.school_class VALUES (2, '2024-09-04 17:00:00+00', NULL, NULL, '10A1');
INSERT INTO public.school_class VALUES (3, '2024-09-04 17:00:00+00', NULL, NULL, '10A2');
INSERT INTO public.school_class VALUES (4, '2024-09-04 17:00:00+00', NULL, NULL, '10A3');
INSERT INTO public.school_class VALUES (5, '2024-09-04 17:00:00+00', NULL, NULL, '10A4');
INSERT INTO public.school_class VALUES (6, '2024-09-04 17:00:00+00', NULL, NULL, '10A5');
INSERT INTO public.school_class VALUES (7, '2024-09-04 17:00:00+00', NULL, NULL, '10A6');
INSERT INTO public.school_class VALUES (8, '2024-09-04 17:00:00+00', NULL, NULL, '10A7');
INSERT INTO public.school_class VALUES (9, '2024-09-04 17:00:00+00', NULL, NULL, '10A8');
INSERT INTO public.school_class VALUES (10, '2024-09-04 17:00:00+00', NULL, NULL, '10A9');
INSERT INTO public.school_class VALUES (11, '2024-09-04 17:00:00+00', NULL, NULL, '10A10');
INSERT INTO public.school_class VALUES (12, '2024-09-04 17:00:00+00', NULL, NULL, '10A11');
INSERT INTO public.school_class VALUES (13, '2024-09-04 17:00:00+00', NULL, NULL, '10A12');
INSERT INTO public.school_class VALUES (14, '2024-09-04 17:00:00+00', NULL, NULL, '10A13');
INSERT INTO public.school_class VALUES (15, '2024-09-04 17:00:00+00', NULL, NULL, '10A14');
INSERT INTO public.school_class VALUES (16, '2024-09-04 17:00:00+00', NULL, NULL, '10A15');
INSERT INTO public.school_class VALUES (17, '2024-09-04 17:00:00+00', NULL, NULL, '10B');
INSERT INTO public.school_class VALUES (18, '2024-09-04 17:00:00+00', NULL, NULL, '10B1');
INSERT INTO public.school_class VALUES (19, '2024-09-04 17:00:00+00', NULL, NULL, '10B2');
INSERT INTO public.school_class VALUES (20, '2024-09-04 17:00:00+00', NULL, NULL, '10B3');
INSERT INTO public.school_class VALUES (21, '2024-09-04 17:00:00+00', NULL, NULL, '10B4');
INSERT INTO public.school_class VALUES (22, '2024-09-04 17:00:00+00', NULL, NULL, '10B5');
INSERT INTO public.school_class VALUES (23, '2024-09-04 17:00:00+00', NULL, NULL, '10B6');
INSERT INTO public.school_class VALUES (24, '2024-09-04 17:00:00+00', NULL, NULL, '10B7');
INSERT INTO public.school_class VALUES (25, '2024-09-04 17:00:00+00', NULL, NULL, '10B8');
INSERT INTO public.school_class VALUES (26, '2024-09-04 17:00:00+00', NULL, NULL, '10B9');
INSERT INTO public.school_class VALUES (27, '2024-09-04 17:00:00+00', NULL, NULL, '10B10');
INSERT INTO public.school_class VALUES (28, '2024-09-04 17:00:00+00', NULL, NULL, '10B11');
INSERT INTO public.school_class VALUES (29, '2024-09-04 17:00:00+00', NULL, NULL, '10B12');
INSERT INTO public.school_class VALUES (30, '2024-09-04 17:00:00+00', NULL, NULL, '10B13');
INSERT INTO public.school_class VALUES (31, '2024-09-04 17:00:00+00', NULL, NULL, '10B14');
INSERT INTO public.school_class VALUES (32, '2024-09-04 17:00:00+00', NULL, NULL, '10B15');
INSERT INTO public.school_class VALUES (33, '2024-09-04 17:00:00+00', NULL, NULL, '10C');
INSERT INTO public.school_class VALUES (34, '2024-09-04 17:00:00+00', NULL, NULL, '10C1');
INSERT INTO public.school_class VALUES (35, '2024-09-04 17:00:00+00', NULL, NULL, '10C2');
INSERT INTO public.school_class VALUES (36, '2024-09-04 17:00:00+00', NULL, NULL, '10C3');
INSERT INTO public.school_class VALUES (37, '2024-09-04 17:00:00+00', NULL, NULL, '10C4');
INSERT INTO public.school_class VALUES (38, '2024-09-04 17:00:00+00', NULL, NULL, '10C5');
INSERT INTO public.school_class VALUES (39, '2024-09-04 17:00:00+00', NULL, NULL, '10C6');
INSERT INTO public.school_class VALUES (40, '2024-09-04 17:00:00+00', NULL, NULL, '10C7');
INSERT INTO public.school_class VALUES (41, '2024-09-04 17:00:00+00', NULL, NULL, '10C8');
INSERT INTO public.school_class VALUES (42, '2024-09-04 17:00:00+00', NULL, NULL, '10C9');
INSERT INTO public.school_class VALUES (43, '2024-09-04 17:00:00+00', NULL, NULL, '10C10');
INSERT INTO public.school_class VALUES (44, '2024-09-04 17:00:00+00', NULL, NULL, '10C11');
INSERT INTO public.school_class VALUES (45, '2024-09-04 17:00:00+00', NULL, NULL, '10C12');
INSERT INTO public.school_class VALUES (46, '2024-09-04 17:00:00+00', NULL, NULL, '10C13');
INSERT INTO public.school_class VALUES (47, '2024-09-04 17:00:00+00', NULL, NULL, '10C14');
INSERT INTO public.school_class VALUES (48, '2024-09-04 17:00:00+00', NULL, NULL, '10C15');
INSERT INTO public.school_class VALUES (49, '2024-09-04 17:00:00+00', NULL, NULL, '10D');
INSERT INTO public.school_class VALUES (50, '2024-09-04 17:00:00+00', NULL, NULL, '10D1');
INSERT INTO public.school_class VALUES (51, '2024-09-04 17:00:00+00', NULL, NULL, '10D2');
INSERT INTO public.school_class VALUES (52, '2024-09-04 17:00:00+00', NULL, NULL, '10D3');
INSERT INTO public.school_class VALUES (53, '2024-09-04 17:00:00+00', NULL, NULL, '10D4');
INSERT INTO public.school_class VALUES (54, '2024-09-04 17:00:00+00', NULL, NULL, '10D5');
INSERT INTO public.school_class VALUES (55, '2024-09-04 17:00:00+00', NULL, NULL, '10D6');
INSERT INTO public.school_class VALUES (56, '2024-09-04 17:00:00+00', NULL, NULL, '10D7');
INSERT INTO public.school_class VALUES (57, '2024-09-04 17:00:00+00', NULL, NULL, '10D8');
INSERT INTO public.school_class VALUES (58, '2024-09-04 17:00:00+00', NULL, NULL, '10D9');
INSERT INTO public.school_class VALUES (59, '2024-09-04 17:00:00+00', NULL, NULL, '10D10');
INSERT INTO public.school_class VALUES (60, '2024-09-04 17:00:00+00', NULL, NULL, '10D11');
INSERT INTO public.school_class VALUES (61, '2024-09-04 17:00:00+00', NULL, NULL, '10D12');
INSERT INTO public.school_class VALUES (62, '2024-09-04 17:00:00+00', NULL, NULL, '10D13');
INSERT INTO public.school_class VALUES (63, '2024-09-04 17:00:00+00', NULL, NULL, '10D14');
INSERT INTO public.school_class VALUES (64, '2024-09-04 17:00:00+00', NULL, NULL, '10D15');
INSERT INTO public.school_class VALUES (65, '2024-09-04 17:00:00+00', NULL, NULL, '10P');
INSERT INTO public.school_class VALUES (66, '2024-09-04 17:00:00+00', NULL, NULL, '10P1');
INSERT INTO public.school_class VALUES (67, '2024-09-04 17:00:00+00', NULL, NULL, '10P2');
INSERT INTO public.school_class VALUES (68, '2024-09-04 17:00:00+00', NULL, NULL, '10P3');
INSERT INTO public.school_class VALUES (69, '2024-09-04 17:00:00+00', NULL, NULL, '10P4');
INSERT INTO public.school_class VALUES (70, '2024-09-04 17:00:00+00', NULL, NULL, '10P5');
INSERT INTO public.school_class VALUES (71, '2024-09-04 17:00:00+00', NULL, NULL, '11A');
INSERT INTO public.school_class VALUES (72, '2024-09-04 17:00:00+00', NULL, NULL, '11A1');
INSERT INTO public.school_class VALUES (73, '2024-09-04 17:00:00+00', NULL, NULL, '11A2');
INSERT INTO public.school_class VALUES (74, '2024-09-04 17:00:00+00', NULL, NULL, '11A3');
INSERT INTO public.school_class VALUES (75, '2024-09-04 17:00:00+00', NULL, NULL, '11A4');
INSERT INTO public.school_class VALUES (76, '2024-09-04 17:00:00+00', NULL, NULL, '11A5');
INSERT INTO public.school_class VALUES (77, '2024-09-04 17:00:00+00', NULL, NULL, '11A6');
INSERT INTO public.school_class VALUES (78, '2024-09-04 17:00:00+00', NULL, NULL, '11A7');
INSERT INTO public.school_class VALUES (79, '2024-09-04 17:00:00+00', NULL, NULL, '11A8');
INSERT INTO public.school_class VALUES (80, '2024-09-04 17:00:00+00', NULL, NULL, '11A9');
INSERT INTO public.school_class VALUES (81, '2024-09-04 17:00:00+00', NULL, NULL, '11A10');
INSERT INTO public.school_class VALUES (82, '2024-09-04 17:00:00+00', NULL, NULL, '11A11');
INSERT INTO public.school_class VALUES (83, '2024-09-04 17:00:00+00', NULL, NULL, '11A12');
INSERT INTO public.school_class VALUES (84, '2024-09-04 17:00:00+00', NULL, NULL, '11A13');
INSERT INTO public.school_class VALUES (85, '2024-09-04 17:00:00+00', NULL, NULL, '11A14');
INSERT INTO public.school_class VALUES (86, '2024-09-04 17:00:00+00', NULL, NULL, '11A15');
INSERT INTO public.school_class VALUES (87, '2024-09-04 17:00:00+00', NULL, NULL, '11B');
INSERT INTO public.school_class VALUES (88, '2024-09-04 17:00:00+00', NULL, NULL, '11B1');
INSERT INTO public.school_class VALUES (89, '2024-09-04 17:00:00+00', NULL, NULL, '11B2');
INSERT INTO public.school_class VALUES (90, '2024-09-04 17:00:00+00', NULL, NULL, '11B3');
INSERT INTO public.school_class VALUES (91, '2024-09-04 17:00:00+00', NULL, NULL, '11B4');
INSERT INTO public.school_class VALUES (92, '2024-09-04 17:00:00+00', NULL, NULL, '11B5');
INSERT INTO public.school_class VALUES (93, '2024-09-04 17:00:00+00', NULL, NULL, '11B6');
INSERT INTO public.school_class VALUES (94, '2024-09-04 17:00:00+00', NULL, NULL, '11B7');
INSERT INTO public.school_class VALUES (95, '2024-09-04 17:00:00+00', NULL, NULL, '11B8');
INSERT INTO public.school_class VALUES (96, '2024-09-04 17:00:00+00', NULL, NULL, '11B9');
INSERT INTO public.school_class VALUES (97, '2024-09-04 17:00:00+00', NULL, NULL, '11B10');
INSERT INTO public.school_class VALUES (98, '2024-09-04 17:00:00+00', NULL, NULL, '11B11');
INSERT INTO public.school_class VALUES (99, '2024-09-04 17:00:00+00', NULL, NULL, '11B12');
INSERT INTO public.school_class VALUES (100, '2024-09-04 17:00:00+00', NULL, NULL, '11B13');
INSERT INTO public.school_class VALUES (101, '2024-09-04 17:00:00+00', NULL, NULL, '11B14');
INSERT INTO public.school_class VALUES (102, '2024-09-04 17:00:00+00', NULL, NULL, '11B15');
INSERT INTO public.school_class VALUES (103, '2024-09-04 17:00:00+00', NULL, NULL, '11C');
INSERT INTO public.school_class VALUES (104, '2024-09-04 17:00:00+00', NULL, NULL, '11C1');
INSERT INTO public.school_class VALUES (105, '2024-09-04 17:00:00+00', NULL, NULL, '11C2');
INSERT INTO public.school_class VALUES (106, '2024-09-04 17:00:00+00', NULL, NULL, '11C3');
INSERT INTO public.school_class VALUES (107, '2024-09-04 17:00:00+00', NULL, NULL, '11C4');
INSERT INTO public.school_class VALUES (108, '2024-09-04 17:00:00+00', NULL, NULL, '11C5');
INSERT INTO public.school_class VALUES (109, '2024-09-04 17:00:00+00', NULL, NULL, '11C6');
INSERT INTO public.school_class VALUES (110, '2024-09-04 17:00:00+00', NULL, NULL, '11C7');
INSERT INTO public.school_class VALUES (111, '2024-09-04 17:00:00+00', NULL, NULL, '11C8');
INSERT INTO public.school_class VALUES (112, '2024-09-04 17:00:00+00', NULL, NULL, '11C9');
INSERT INTO public.school_class VALUES (113, '2024-09-04 17:00:00+00', NULL, NULL, '11C10');
INSERT INTO public.school_class VALUES (114, '2024-09-04 17:00:00+00', NULL, NULL, '11C11');
INSERT INTO public.school_class VALUES (115, '2024-09-04 17:00:00+00', NULL, NULL, '11C12');
INSERT INTO public.school_class VALUES (116, '2024-09-04 17:00:00+00', NULL, NULL, '11C13');
INSERT INTO public.school_class VALUES (117, '2024-09-04 17:00:00+00', NULL, NULL, '11C14');
INSERT INTO public.school_class VALUES (118, '2024-09-04 17:00:00+00', NULL, NULL, '11C15');
INSERT INTO public.school_class VALUES (119, '2024-09-04 17:00:00+00', NULL, NULL, '11D');
INSERT INTO public.school_class VALUES (120, '2024-09-04 17:00:00+00', NULL, NULL, '11D1');
INSERT INTO public.school_class VALUES (121, '2024-09-04 17:00:00+00', NULL, NULL, '11D2');
INSERT INTO public.school_class VALUES (122, '2024-09-04 17:00:00+00', NULL, NULL, '11D3');
INSERT INTO public.school_class VALUES (123, '2024-09-04 17:00:00+00', NULL, NULL, '11D4');
INSERT INTO public.school_class VALUES (124, '2024-09-04 17:00:00+00', NULL, NULL, '11D5');
INSERT INTO public.school_class VALUES (125, '2024-09-04 17:00:00+00', NULL, NULL, '11D6');
INSERT INTO public.school_class VALUES (126, '2024-09-04 17:00:00+00', NULL, NULL, '11D7');
INSERT INTO public.school_class VALUES (127, '2024-09-04 17:00:00+00', NULL, NULL, '11D8');
INSERT INTO public.school_class VALUES (128, '2024-09-04 17:00:00+00', NULL, NULL, '11D9');
INSERT INTO public.school_class VALUES (129, '2024-09-04 17:00:00+00', NULL, NULL, '11D10');
INSERT INTO public.school_class VALUES (130, '2024-09-04 17:00:00+00', NULL, NULL, '11D11');
INSERT INTO public.school_class VALUES (131, '2024-09-04 17:00:00+00', NULL, NULL, '11D12');
INSERT INTO public.school_class VALUES (132, '2024-09-04 17:00:00+00', NULL, NULL, '11D13');
INSERT INTO public.school_class VALUES (133, '2024-09-04 17:00:00+00', NULL, NULL, '11D14');
INSERT INTO public.school_class VALUES (134, '2024-09-04 17:00:00+00', NULL, NULL, '11D15');
INSERT INTO public.school_class VALUES (135, '2024-09-04 17:00:00+00', NULL, NULL, '11P');
INSERT INTO public.school_class VALUES (136, '2024-09-04 17:00:00+00', NULL, NULL, '11P1');
INSERT INTO public.school_class VALUES (137, '2024-09-04 17:00:00+00', NULL, NULL, '11P2');
INSERT INTO public.school_class VALUES (138, '2024-09-04 17:00:00+00', NULL, NULL, '11P3');
INSERT INTO public.school_class VALUES (139, '2024-09-04 17:00:00+00', NULL, NULL, '11P4');
INSERT INTO public.school_class VALUES (140, '2024-09-04 17:00:00+00', NULL, NULL, '11P5');
INSERT INTO public.school_class VALUES (141, '2024-09-04 17:00:00+00', NULL, NULL, '12A');
INSERT INTO public.school_class VALUES (142, '2024-09-04 17:00:00+00', NULL, NULL, '12A1');
INSERT INTO public.school_class VALUES (143, '2024-09-04 17:00:00+00', NULL, NULL, '12A2');
INSERT INTO public.school_class VALUES (144, '2024-09-04 17:00:00+00', NULL, NULL, '12A3');
INSERT INTO public.school_class VALUES (145, '2024-09-04 17:00:00+00', NULL, NULL, '12A4');
INSERT INTO public.school_class VALUES (146, '2024-09-04 17:00:00+00', NULL, NULL, '12A5');
INSERT INTO public.school_class VALUES (147, '2024-09-04 17:00:00+00', NULL, NULL, '12A6');
INSERT INTO public.school_class VALUES (148, '2024-09-04 17:00:00+00', NULL, NULL, '12A7');
INSERT INTO public.school_class VALUES (149, '2024-09-04 17:00:00+00', NULL, NULL, '12A8');
INSERT INTO public.school_class VALUES (150, '2024-09-04 17:00:00+00', NULL, NULL, '12A9');
INSERT INTO public.school_class VALUES (151, '2024-09-04 17:00:00+00', NULL, NULL, '12A10');
INSERT INTO public.school_class VALUES (152, '2024-09-04 17:00:00+00', NULL, NULL, '12A11');
INSERT INTO public.school_class VALUES (153, '2024-09-04 17:00:00+00', NULL, NULL, '12A12');
INSERT INTO public.school_class VALUES (154, '2024-09-04 17:00:00+00', NULL, NULL, '12A13');
INSERT INTO public.school_class VALUES (155, '2024-09-04 17:00:00+00', NULL, NULL, '12A14');
INSERT INTO public.school_class VALUES (156, '2024-09-04 17:00:00+00', NULL, NULL, '12A15');
INSERT INTO public.school_class VALUES (157, '2024-09-04 17:00:00+00', NULL, NULL, '12B');
INSERT INTO public.school_class VALUES (158, '2024-09-04 17:00:00+00', NULL, NULL, '12B1');
INSERT INTO public.school_class VALUES (159, '2024-09-04 17:00:00+00', NULL, NULL, '12B2');
INSERT INTO public.school_class VALUES (160, '2024-09-04 17:00:00+00', NULL, NULL, '12B3');
INSERT INTO public.school_class VALUES (161, '2024-09-04 17:00:00+00', NULL, NULL, '12B4');
INSERT INTO public.school_class VALUES (162, '2024-09-04 17:00:00+00', NULL, NULL, '12B5');
INSERT INTO public.school_class VALUES (163, '2024-09-04 17:00:00+00', NULL, NULL, '12B6');
INSERT INTO public.school_class VALUES (164, '2024-09-04 17:00:00+00', NULL, NULL, '12B7');
INSERT INTO public.school_class VALUES (165, '2024-09-04 17:00:00+00', NULL, NULL, '12B8');
INSERT INTO public.school_class VALUES (166, '2024-09-04 17:00:00+00', NULL, NULL, '12B9');
INSERT INTO public.school_class VALUES (167, '2024-09-04 17:00:00+00', NULL, NULL, '12B10');
INSERT INTO public.school_class VALUES (168, '2024-09-04 17:00:00+00', NULL, NULL, '12B11');
INSERT INTO public.school_class VALUES (169, '2024-09-04 17:00:00+00', NULL, NULL, '12B12');
INSERT INTO public.school_class VALUES (170, '2024-09-04 17:00:00+00', NULL, NULL, '12B13');
INSERT INTO public.school_class VALUES (171, '2024-09-04 17:00:00+00', NULL, NULL, '12B14');
INSERT INTO public.school_class VALUES (172, '2024-09-04 17:00:00+00', NULL, NULL, '12B15');
INSERT INTO public.school_class VALUES (173, '2024-09-04 17:00:00+00', NULL, NULL, '12C');
INSERT INTO public.school_class VALUES (174, '2024-09-04 17:00:00+00', NULL, NULL, '12C1');
INSERT INTO public.school_class VALUES (175, '2024-09-04 17:00:00+00', NULL, NULL, '12C2');
INSERT INTO public.school_class VALUES (176, '2024-09-04 17:00:00+00', NULL, NULL, '12C3');
INSERT INTO public.school_class VALUES (177, '2024-09-04 17:00:00+00', NULL, NULL, '12C4');
INSERT INTO public.school_class VALUES (178, '2024-09-04 17:00:00+00', NULL, NULL, '12C5');
INSERT INTO public.school_class VALUES (179, '2024-09-04 17:00:00+00', NULL, NULL, '12C6');
INSERT INTO public.school_class VALUES (180, '2024-09-04 17:00:00+00', NULL, NULL, '12C7');
INSERT INTO public.school_class VALUES (181, '2024-09-04 17:00:00+00', NULL, NULL, '12C8');
INSERT INTO public.school_class VALUES (182, '2024-09-04 17:00:00+00', NULL, NULL, '12C9');
INSERT INTO public.school_class VALUES (183, '2024-09-04 17:00:00+00', NULL, NULL, '12C10');
INSERT INTO public.school_class VALUES (184, '2024-09-04 17:00:00+00', NULL, NULL, '12C11');
INSERT INTO public.school_class VALUES (185, '2024-09-04 17:00:00+00', NULL, NULL, '12C12');
INSERT INTO public.school_class VALUES (186, '2024-09-04 17:00:00+00', NULL, NULL, '12C13');
INSERT INTO public.school_class VALUES (187, '2024-09-04 17:00:00+00', NULL, NULL, '12C14');
INSERT INTO public.school_class VALUES (188, '2024-09-04 17:00:00+00', NULL, NULL, '12C15');
INSERT INTO public.school_class VALUES (189, '2015-09-04 17:00:00+00', NULL, NULL, '12D');
INSERT INTO public.school_class VALUES (190, '2024-09-04 17:00:00+00', NULL, NULL, '12D1');
INSERT INTO public.school_class VALUES (191, '2024-09-04 17:00:00+00', NULL, NULL, '12D2');
INSERT INTO public.school_class VALUES (192, '2024-09-04 17:00:00+00', NULL, NULL, '12D3');
INSERT INTO public.school_class VALUES (193, '2024-09-04 17:00:00+00', NULL, NULL, '12D4');
INSERT INTO public.school_class VALUES (194, '2024-09-04 17:00:00+00', NULL, NULL, '12D5');
INSERT INTO public.school_class VALUES (195, '2024-09-04 17:00:00+00', NULL, NULL, '12D6');
INSERT INTO public.school_class VALUES (196, '2024-09-04 17:00:00+00', NULL, NULL, '12D7');
INSERT INTO public.school_class VALUES (197, '2024-09-04 17:00:00+00', NULL, NULL, '12D8');
INSERT INTO public.school_class VALUES (198, '2024-09-04 17:00:00+00', NULL, NULL, '12D9');
INSERT INTO public.school_class VALUES (199, '2024-09-04 17:00:00+00', NULL, NULL, '12D10');
INSERT INTO public.school_class VALUES (200, '2024-09-04 17:00:00+00', NULL, NULL, '12D11');
INSERT INTO public.school_class VALUES (201, '2024-09-04 17:00:00+00', NULL, NULL, '12D12');
INSERT INTO public.school_class VALUES (202, '2024-09-04 17:00:00+00', NULL, NULL, '12D13');
INSERT INTO public.school_class VALUES (203, '2024-09-04 17:00:00+00', NULL, NULL, '12D14');
INSERT INTO public.school_class VALUES (204, '2024-09-04 17:00:00+00', NULL, NULL, '12D15');
INSERT INTO public.school_class VALUES (205, '2024-09-04 17:00:00+00', NULL, NULL, '12P');
INSERT INTO public.school_class VALUES (206, '2024-09-04 17:00:00+00', NULL, NULL, '12P1');
INSERT INTO public.school_class VALUES (207, '2024-09-04 17:00:00+00', NULL, NULL, '12P2');
INSERT INTO public.school_class VALUES (208, '2024-09-04 17:00:00+00', NULL, NULL, '12P3');
INSERT INTO public.school_class VALUES (209, '2024-09-04 17:00:00+00', NULL, NULL, '12P4');
INSERT INTO public.school_class VALUES (210, '2024-09-04 17:00:00+00', NULL, NULL, '12P5');
INSERT INTO public.school_class VALUES (211, '2024-09-04 17:00:00+00', NULL, NULL, 'Thí Sinh Tự Do');


--
-- Data for Name: score; Type: TABLE DATA; Schema: public; Owner: postgres
--



--
-- Data for Name: student; Type: TABLE DATA; Schema: public; Owner: postgres
--

INSERT INTO public.student VALUES (3, '2025-07-11 13:10:56.661309+00', NULL, NULL, 'Hồ Thảo Vy', NULL);
INSERT INTO public.student VALUES (4, '2025-07-11 13:10:56.661309+00', NULL, NULL, 'Lê Sỹ Hào', NULL);
INSERT INTO public.student VALUES (5, '2025-07-11 13:10:56.677087+00', NULL, NULL, 'Võ Thị Phương Quyên', NULL);
INSERT INTO public.student VALUES (6, '2025-07-11 13:10:56.680186+00', NULL, NULL, 'Lê Khả Hân', NULL);
INSERT INTO public.student VALUES (7, '2025-07-11 13:10:56.680186+00', NULL, NULL, 'Lê Thanh Hữu Phước', NULL);
INSERT INTO public.student VALUES (8, '2025-07-11 13:10:56.680186+00', NULL, NULL, 'Nguyễn Minh Hải', NULL);
INSERT INTO public.student VALUES (9, '2025-07-11 13:10:56.680186+00', NULL, NULL, 'Trần Nguyễn Đông Dương', NULL);
INSERT INTO public.student VALUES (10, '2025-07-11 13:10:56.680186+00', NULL, NULL, 'Lê Đức Trí', NULL);
INSERT INTO public.student VALUES (11, '2025-07-11 13:10:56.680186+00', NULL, NULL, 'Huỳnh Nguyễn Quốc Thắng', NULL);
INSERT INTO public.student VALUES (12, '2025-07-11 13:10:56.680186+00', NULL, NULL, 'Nguyễn Gia Huy', NULL);
INSERT INTO public.student VALUES (13, '2025-07-11 13:10:56.680186+00', NULL, NULL, 'Nguyễn Thanh Bình', NULL);
INSERT INTO public.student VALUES (14, '2025-07-11 13:10:56.680186+00', NULL, NULL, 'Trương Minh Kiến Quốc', NULL);
INSERT INTO public.student VALUES (15, '2025-07-11 13:10:56.694747+00', NULL, NULL, 'Trần Thanh Trúc', NULL);
INSERT INTO public.student VALUES (16, '2025-07-11 13:10:56.694747+00', NULL, NULL, 'Hoàng Ngọc Anh', NULL);
INSERT INTO public.student VALUES (17, '2025-07-11 13:10:56.694747+00', NULL, NULL, 'Trần Huy', NULL);
INSERT INTO public.student VALUES (18, '2025-07-11 13:10:56.694747+00', NULL, NULL, 'Lê Ngọc Hân', NULL);
INSERT INTO public.student VALUES (19, '2025-07-11 13:10:56.694747+00', NULL, NULL, 'Đặng Ngọc Tùng', NULL);
INSERT INTO public.student VALUES (20, '2025-07-11 13:10:56.701953+00', NULL, NULL, 'Phạm Phú Phát ', NULL);
INSERT INTO public.student VALUES (21, '2025-07-11 13:10:56.701953+00', NULL, NULL, 'Huỳnh Quảng Trường Thịnh', NULL);
INSERT INTO public.student VALUES (22, '2025-07-11 13:10:56.701953+00', NULL, NULL, 'Nguyễn Hoàng Long', NULL);
INSERT INTO public.student VALUES (23, '2025-07-11 13:10:56.701953+00', NULL, NULL, 'Nguyễn Ngọc Gia Hân', NULL);
INSERT INTO public.student VALUES (24, '2025-07-11 13:10:56.701953+00', NULL, NULL, 'Nguyễn Ngọc Khánh Như ', NULL);
INSERT INTO public.student VALUES (25, '2025-07-11 13:10:56.709098+00', NULL, NULL, 'Trần Tâm Di ', NULL);
INSERT INTO public.student VALUES (26, '2025-07-11 13:10:56.709098+00', NULL, NULL, 'Trịnh Nhật My', NULL);
INSERT INTO public.student VALUES (28, '2025-07-11 13:10:56.709098+00', NULL, NULL, 'Nguyễn Bùi Gia Lộc', NULL);
INSERT INTO public.student VALUES (29, '2025-07-11 13:10:56.715546+00', NULL, NULL, 'Võ Hà My', NULL);
INSERT INTO public.student VALUES (30, '2025-07-11 13:10:56.716694+00', NULL, NULL, 'Huỳnh Nguyễn Gia Hân ', NULL);
INSERT INTO public.student VALUES (31, '2025-07-11 13:10:56.716694+00', NULL, NULL, 'Phạm Thanh Ngọc Tiên', NULL);
INSERT INTO public.student VALUES (32, '2025-07-11 13:10:56.716694+00', NULL, NULL, 'Nguyễn Thị Khánh Trâm ', NULL);
INSERT INTO public.student VALUES (33, '2025-07-11 13:10:56.716694+00', NULL, NULL, 'Nguyễn Phúc Bảo ', NULL);
INSERT INTO public.student VALUES (34, '2025-07-11 13:10:56.722107+00', NULL, NULL, 'Huỳnh Hải Huy', NULL);
INSERT INTO public.student VALUES (35, '2025-07-11 13:10:56.723293+00', NULL, NULL, 'Lê Ngọc Hân', NULL);
INSERT INTO public.student VALUES (36, '2025-07-11 13:10:56.723293+00', NULL, NULL, 'Nguyễn Bảo Lân', NULL);
INSERT INTO public.student VALUES (37, '2025-07-11 13:10:56.723293+00', NULL, NULL, 'Huỳnh Lâm Gia Hưng', NULL);
INSERT INTO public.student VALUES (2, '2025-07-11 13:10:56.661309+00', '2025-07-11 18:49:18.898812+00', NULL, 'Lữ Tuấn Thành ', '');
INSERT INTO public.student VALUES (1, '2025-07-11 13:10:56.661309+00', '2025-07-12 03:35:44.170881+00', NULL, 'Trần Ngọc Minh Anh ', '');
INSERT INTO public.student VALUES (38, '2025-07-12 09:03:46.595782+00', NULL, NULL, 'Lê Trần Thái Tâm ', NULL);
INSERT INTO public.student VALUES (39, '2025-07-12 09:03:46.678076+00', NULL, NULL, 'Nguyễn Phan Quỳnh Phương', NULL);
INSERT INTO public.student VALUES (40, '2025-07-12 09:03:46.678076+00', NULL, NULL, 'Lâm Quốc Đạt ', NULL);
INSERT INTO public.student VALUES (41, '2025-07-12 09:03:46.678076+00', NULL, NULL, 'Nguyễn Hoàng Khang', NULL);
INSERT INTO public.student VALUES (42, '2025-07-12 09:03:46.684689+00', NULL, NULL, 'Lê Ngọc Minh Vy', NULL);
INSERT INTO public.student VALUES (43, '2025-07-12 09:03:46.685839+00', NULL, NULL, 'Trần Võ Hồng Vy', NULL);
INSERT INTO public.student VALUES (44, '2025-07-12 09:03:46.692262+00', NULL, NULL, 'Lê Như Mỹ', NULL);
INSERT INTO public.student VALUES (45, '2025-07-12 09:03:46.69264+00', NULL, NULL, 'Lưu Trần Gia Hân ', NULL);
INSERT INTO public.student VALUES (46, '2025-07-12 09:03:46.697323+00', NULL, NULL, 'Nguyễn Đăng Quang', NULL);
INSERT INTO public.student VALUES (47, '2025-07-12 09:03:46.69908+00', NULL, NULL, 'La Quốc Tuấn', NULL);
INSERT INTO public.student VALUES (48, '2025-07-12 09:03:46.69908+00', NULL, NULL, 'Lâm Đặng Gia Hân ', NULL);
INSERT INTO public.student VALUES (49, '2025-07-12 09:03:46.705871+00', NULL, NULL, 'Nguyễn Đức Dương', NULL);
INSERT INTO public.student VALUES (50, '2025-07-12 09:03:46.705871+00', NULL, NULL, 'Đỗ Công Thịnh', NULL);
INSERT INTO public.student VALUES (51, '2025-07-12 09:03:46.705871+00', NULL, NULL, 'Phạm Thị Ý', NULL);
INSERT INTO public.student VALUES (52, '2025-07-12 09:03:46.713028+00', NULL, NULL, 'Nguyễn Thị Kim Phụng', NULL);
INSERT INTO public.student VALUES (53, '2025-07-12 09:03:46.715911+00', NULL, NULL, 'Phạm Quỳnh Như', NULL);
INSERT INTO public.student VALUES (54, '2025-07-12 09:03:46.720641+00', NULL, NULL, 'Nguyễn Hoàng Khánh Ngân', NULL);
INSERT INTO public.student VALUES (55, '2025-07-12 09:03:46.72105+00', NULL, NULL, 'Nguyễn Lý Tây', NULL);
INSERT INTO public.student VALUES (56, '2025-07-12 09:03:46.72691+00', NULL, NULL, 'Trần Nguyễn Kim Yến', NULL);
INSERT INTO public.student VALUES (57, '2025-07-12 09:03:46.729584+00', NULL, NULL, 'Vũ Nguyễn Phúc Anh', NULL);
INSERT INTO public.student VALUES (58, '2025-07-12 09:03:46.732185+00', NULL, NULL, 'Nguyễn Hoàn Mỹ', NULL);
INSERT INTO public.student VALUES (59, '2025-07-12 09:03:46.735757+00', NULL, NULL, 'Bùi Nguyễn Hà Vy ', NULL);
INSERT INTO public.student VALUES (60, '2025-07-12 09:03:46.739579+00', NULL, NULL, 'Võ Nguyễn Thảo Minh', NULL);
INSERT INTO public.student VALUES (61, '2025-07-12 09:03:46.739579+00', NULL, NULL, 'Mai Ngọc Minh Khuê', NULL);
INSERT INTO public.student VALUES (62, '2025-07-12 09:03:46.743151+00', NULL, NULL, 'Dương Thúy Hằng', NULL);
INSERT INTO public.student VALUES (63, '2025-07-12 09:03:46.743151+00', NULL, NULL, 'Lê Trần Thảo Ngân', NULL);
INSERT INTO public.student VALUES (64, '2025-07-12 09:03:46.747498+00', NULL, NULL, 'Nguyễn Thanh Nhàn', NULL);
INSERT INTO public.student VALUES (65, '2025-07-12 09:03:46.747498+00', NULL, NULL, 'Dương Phúc Thịnh', NULL);
INSERT INTO public.student VALUES (66, '2025-07-12 09:03:46.747498+00', NULL, NULL, 'Nguyễn Gia Phúc', NULL);
INSERT INTO public.student VALUES (67, '2025-07-12 09:03:46.747498+00', NULL, NULL, 'Trần Duy Lam', NULL);
INSERT INTO public.student VALUES (68, '2025-07-12 09:03:46.755826+00', NULL, NULL, 'Nguyễn Thị Bích Ngân', NULL);
INSERT INTO public.student VALUES (69, '2025-07-12 09:03:46.755826+00', NULL, NULL, 'Nguyễn Minh Triết', NULL);
INSERT INTO public.student VALUES (70, '2025-07-12 09:03:46.755826+00', NULL, NULL, 'Ngô Gia Tú ', NULL);
INSERT INTO public.student VALUES (72, '2025-07-12 09:03:46.76316+00', NULL, NULL, 'Nguyễn Thái Lập', NULL);
INSERT INTO public.student VALUES (76, '2025-07-12 09:03:46.765804+00', NULL, NULL, 'Trần Tuấn Anh', NULL);
INSERT INTO public.student VALUES (77, '2025-07-12 09:03:46.773057+00', NULL, NULL, 'Phạm Thị Minh Thư', NULL);
INSERT INTO public.student VALUES (78, '2025-07-12 09:03:46.776097+00', NULL, NULL, 'Trần Ngọc Cát Tường', NULL);
INSERT INTO public.student VALUES (79, '2025-07-12 09:03:46.776097+00', NULL, NULL, 'nguyễn phúc thịnh ', NULL);
INSERT INTO public.student VALUES (80, '2025-07-12 09:03:46.776097+00', NULL, NULL, 'Lý Huỳnh Khánh Linh', NULL);
INSERT INTO public.student VALUES (81, '2025-07-12 09:03:46.776097+00', NULL, NULL, 'Cao Gia Bảo', NULL);
INSERT INTO public.student VALUES (82, '2025-07-12 09:03:46.776097+00', NULL, NULL, 'nguyễn ngọc vân Quỳnh', NULL);
INSERT INTO public.student VALUES (83, '2025-07-12 09:03:46.785989+00', NULL, NULL, 'Hồ Thị Mỹ Tiên', NULL);
INSERT INTO public.student VALUES (84, '2025-07-12 09:03:46.788704+00', NULL, NULL, 'Trần Tuấn Nhân', NULL);
INSERT INTO public.student VALUES (85, '2025-07-12 09:32:56.166125+00', NULL, NULL, 'Nguyễn Hoàng Long', NULL);
INSERT INTO public.student VALUES (86, '2025-07-12 09:32:56.185998+00', NULL, NULL, 'Hồ Huy Hoàng', NULL);
INSERT INTO public.student VALUES (87, '2025-07-12 09:32:56.185998+00', NULL, NULL, 'Lý Cẩm Tiên', NULL);
INSERT INTO public.student VALUES (88, '2025-07-12 09:32:56.185998+00', NULL, NULL, 'Hồ Phương Thảo', NULL);
INSERT INTO public.student VALUES (89, '2025-07-12 09:32:56.191005+00', NULL, NULL, 'Trần Nguyễn Anh Thư', NULL);
INSERT INTO public.student VALUES (90, '2025-07-12 09:32:56.191713+00', NULL, NULL, 'Trần Tấn Lộc', NULL);
INSERT INTO public.student VALUES (91, '2025-07-12 09:32:56.195856+00', NULL, NULL, 'Võ Thị Kim Tuyền', NULL);
INSERT INTO public.student VALUES (93, '2025-07-12 09:32:56.198655+00', NULL, NULL, 'Nguyễn Quỳnh Thư ', NULL);
INSERT INTO public.student VALUES (94, '2025-07-12 09:32:56.198655+00', NULL, NULL, 'Nguyễn Ngọc Khánh Vân', NULL);
INSERT INTO public.student VALUES (95, '2025-07-12 09:32:56.198655+00', NULL, NULL, 'Nguyễn Ngọc Ánh Vy ', NULL);
INSERT INTO public.student VALUES (96, '2025-07-12 09:32:56.198655+00', NULL, NULL, 'Lê Hoàng Yến', NULL);
INSERT INTO public.student VALUES (97, '2025-07-12 09:32:56.205936+00', NULL, NULL, 'Ngô Lan Phương', NULL);
INSERT INTO public.student VALUES (98, '2025-07-12 09:32:56.205936+00', NULL, NULL, 'Trần Ngọc Anh Thư', NULL);
INSERT INTO public.student VALUES (99, '2025-07-12 09:32:56.205936+00', NULL, NULL, 'Nguyễn Đỗ Tiến Đạt', NULL);
INSERT INTO public.student VALUES (100, '2025-07-12 09:32:56.205936+00', NULL, NULL, 'Phí Minh Thư', NULL);
INSERT INTO public.student VALUES (101, '2025-07-12 09:32:56.212474+00', NULL, NULL, 'Nguyễn Đức Trung', NULL);
INSERT INTO public.student VALUES (102, '2025-07-12 09:32:56.212474+00', NULL, NULL, 'Lê Quỳnh Như', NULL);
INSERT INTO public.student VALUES (103, '2025-07-12 09:32:56.216029+00', NULL, NULL, 'Nguyễn Hồng Bảo Thy', NULL);
INSERT INTO public.student VALUES (104, '2025-07-12 09:32:56.216029+00', NULL, NULL, 'Nguyễn Thị Mỹ Ngọc ', NULL);
INSERT INTO public.student VALUES (105, '2025-07-12 09:32:56.216029+00', NULL, NULL, 'Hồ Hồng Bảo Thơ', NULL);
INSERT INTO public.student VALUES (106, '2025-07-12 09:32:56.219409+00', NULL, NULL, 'Nguyễn Khang', NULL);
INSERT INTO public.student VALUES (107, '2025-07-12 09:32:56.219409+00', NULL, NULL, 'Phan Đình Tuệ', NULL);
INSERT INTO public.student VALUES (109, '2025-07-12 09:32:56.219409+00', NULL, NULL, 'Lê Duy Anh ', NULL);
INSERT INTO public.student VALUES (110, '2025-07-12 09:32:56.226021+00', NULL, NULL, 'Nguyễn  Ngọc Tường Vân', NULL);
INSERT INTO public.student VALUES (111, '2025-07-12 09:32:56.226021+00', NULL, NULL, 'Nguyễn Ngô Như Tuyết', NULL);
INSERT INTO public.student VALUES (112, '2025-07-12 09:32:56.226021+00', NULL, NULL, 'Phạm Ngọc Tường minh ', NULL);
INSERT INTO public.student VALUES (113, '2025-07-12 09:32:56.226021+00', NULL, NULL, 'Nguyễn Ngọc Thanh Nguyên', NULL);
INSERT INTO public.student VALUES (114, '2025-07-12 09:32:56.226021+00', NULL, NULL, 'Trần Huy Đạt', NULL);
INSERT INTO public.student VALUES (115, '2025-07-12 09:32:56.226021+00', NULL, NULL, 'Nguyễn Đông Duy', NULL);
INSERT INTO public.student VALUES (116, '2025-07-12 09:32:56.233741+00', NULL, NULL, 'Phan Thiện Nhân', NULL);
INSERT INTO public.student VALUES (117, '2025-07-12 09:32:56.233741+00', NULL, NULL, 'Nguyễn Hoàng Phát Hưng', NULL);
INSERT INTO public.student VALUES (118, '2025-07-12 09:32:56.235778+00', NULL, NULL, 'Nguyễn Thị Mỹ Tiên', NULL);
INSERT INTO public.student VALUES (74, '2025-07-12 09:03:46.765804+00', '2025-07-13 16:40:28.246321+00', NULL, 'Trần Hồng Gia Hân', '');
INSERT INTO public.student VALUES (75, '2025-07-12 09:03:46.765804+00', '2025-07-13 16:40:47.09701+00', NULL, 'Lê Thị Ngọc Huỳnh', '');
INSERT INTO public.student VALUES (27, '2025-07-11 13:10:56.709098+00', '2025-07-13 16:44:56.673598+00', NULL, 'Trần Thuỳ Trang', '');
INSERT INTO public.student VALUES (73, '2025-07-12 09:03:46.765804+00', '2025-07-13 16:45:29.01823+00', NULL, 'Phan Nhật Tân ', '');
INSERT INTO public.student VALUES (92, '2025-07-12 09:32:56.195856+00', '2025-07-13 17:05:35.277551+00', NULL, 'Trần Hoàng Nam', '');
INSERT INTO public.student VALUES (71, '2025-07-12 09:03:46.76316+00', '2025-07-13 12:39:56.001052+00', NULL, 'Trương Kỳ Anh', '');
INSERT INTO public.student VALUES (108, '2025-07-12 09:32:56.219409+00', '2025-07-13 12:58:36.92245+00', NULL, 'Trần Anh Thy ', '');
INSERT INTO public.student VALUES (119, '2025-07-13 15:40:33.424531+00', NULL, NULL, 'Nguyễn Công Vinh', NULL);
INSERT INTO public.student VALUES (120, '2025-07-13 15:40:33.438362+00', NULL, NULL, 'Trịnh Võ Minh Ngọc', NULL);
INSERT INTO public.student VALUES (121, '2025-07-13 15:40:33.438362+00', NULL, NULL, 'Võ Minh Anh', NULL);
INSERT INTO public.student VALUES (122, '2025-07-13 15:40:33.444656+00', NULL, NULL, 'Huỳnh Nguyễn Thảo Yến ', NULL);
INSERT INTO public.student VALUES (123, '2025-07-13 15:40:33.445263+00', NULL, NULL, 'Lê Tứ Ân', NULL);
INSERT INTO public.student VALUES (124, '2025-07-13 15:40:33.445263+00', NULL, NULL, 'Trần Hồ Ngọc Châu', NULL);
INSERT INTO public.student VALUES (125, '2025-07-13 15:40:33.445263+00', NULL, NULL, 'Huỳnh Gia Khương ', NULL);
INSERT INTO public.student VALUES (126, '2025-07-13 15:40:33.452031+00', NULL, NULL, 'Trịnh Chấn Tính', NULL);
INSERT INTO public.student VALUES (127, '2025-07-13 15:40:33.452031+00', NULL, NULL, 'Lê Nhất Quang ', NULL);
INSERT INTO public.student VALUES (128, '2025-07-13 15:40:33.452031+00', NULL, NULL, 'Phan Nam Ban', NULL);
INSERT INTO public.student VALUES (129, '2025-07-13 15:40:33.452031+00', NULL, NULL, 'Nguyễn Trần Bảo Nghi ', NULL);
INSERT INTO public.student VALUES (130, '2025-07-13 15:40:33.452031+00', NULL, NULL, 'Huỳnh Kiết Tường', NULL);
INSERT INTO public.student VALUES (131, '2025-07-13 15:40:33.458476+00', NULL, NULL, 'Lư Trung Hiếu ', NULL);
INSERT INTO public.student VALUES (132, '2025-07-13 15:40:33.45901+00', NULL, NULL, 'Nguyễn Võ Thảo Vy', NULL);
INSERT INTO public.student VALUES (133, '2025-07-13 15:40:33.45901+00', NULL, NULL, 'Nguyễn Ngọc Phương Nghi ', NULL);
INSERT INTO public.student VALUES (134, '2025-07-13 15:40:33.45901+00', NULL, NULL, 'Vương Đăng Doanh', NULL);
INSERT INTO public.student VALUES (135, '2025-07-13 15:40:33.45901+00', NULL, NULL, 'Nguyễn Huyền Diệu ', NULL);
INSERT INTO public.student VALUES (136, '2025-07-13 15:40:33.465158+00', NULL, NULL, 'Lê Thị Thanh Hằng ', NULL);
INSERT INTO public.student VALUES (137, '2025-07-13 15:40:33.466381+00', NULL, NULL, 'Lê Trương Vĩnh Nghi ', NULL);
INSERT INTO public.student VALUES (138, '2025-07-13 15:40:33.466381+00', NULL, NULL, 'Mai Ngô Quốc Việt', NULL);
INSERT INTO public.student VALUES (139, '2025-07-13 15:40:33.466381+00', NULL, NULL, 'Trần Nguyễn Quang Nhân', NULL);
INSERT INTO public.student VALUES (140, '2025-07-13 15:40:33.466381+00', NULL, NULL, 'Đặng Ngọc Bảo Phương', NULL);
INSERT INTO public.student VALUES (141, '2025-07-13 15:40:33.466381+00', NULL, NULL, 'Lê Hoàng Phương Thảo', NULL);
INSERT INTO public.student VALUES (142, '2025-07-13 15:40:33.466381+00', NULL, NULL, 'Nguyễn Đăng Quang', NULL);
INSERT INTO public.student VALUES (143, '2025-07-13 15:40:33.472367+00', NULL, NULL, 'Nguyễn Hữu Khánh', NULL);
INSERT INTO public.student VALUES (144, '2025-07-13 15:40:33.473246+00', NULL, NULL, 'Lương Ngọc Ái Vi', NULL);
INSERT INTO public.student VALUES (145, '2025-07-13 15:40:33.473246+00', NULL, NULL, 'Lê Võ Nhật Duy', NULL);
INSERT INTO public.student VALUES (146, '2025-07-13 15:40:33.473246+00', NULL, NULL, 'Đoàn Dương Quỳnh Như', NULL);
INSERT INTO public.student VALUES (147, '2025-07-13 15:40:33.473246+00', NULL, NULL, 'Khoa Năng Lộc', NULL);
INSERT INTO public.student VALUES (148, '2025-07-13 15:40:33.473246+00', NULL, NULL, 'Lê Tuyết Anh', NULL);
INSERT INTO public.student VALUES (149, '2025-07-13 15:40:33.473246+00', NULL, NULL, 'Nguyễn Thành Phát', NULL);
INSERT INTO public.student VALUES (150, '2025-07-13 15:40:33.473246+00', NULL, NULL, 'Nguyễn Ngọc Lan Anh', NULL);
INSERT INTO public.student VALUES (151, '2025-07-13 15:40:33.479375+00', NULL, NULL, 'Nguyễn Lê Bảo Trân', NULL);
INSERT INTO public.student VALUES (152, '2025-07-13 15:40:33.480308+00', NULL, NULL, 'Nguyễn Thị Khánh Huyền', NULL);
INSERT INTO public.student VALUES (153, '2025-07-13 15:40:33.480308+00', NULL, NULL, 'Phan Thanh Trúc', NULL);
INSERT INTO public.student VALUES (154, '2025-07-13 15:40:33.480308+00', NULL, NULL, 'Mã Khánh Linh', NULL);
INSERT INTO public.student VALUES (155, '2025-07-13 15:40:33.480308+00', NULL, NULL, 'Nguyễn Ngọc Thiên Lý ', NULL);
INSERT INTO public.student VALUES (156, '2025-07-13 15:40:33.480308+00', NULL, NULL, 'Nguyễn Trần Huế Ngọc', NULL);
INSERT INTO public.student VALUES (157, '2025-07-13 15:40:33.480308+00', NULL, NULL, 'Nguyễn Mạnh Khang', NULL);
INSERT INTO public.student VALUES (158, '2025-07-13 15:40:33.486671+00', NULL, NULL, 'Lê Ngọc Yến Trang ', NULL);
INSERT INTO public.student VALUES (159, '2025-07-13 15:40:33.487106+00', NULL, NULL, 'Lê Ngọc Thiên Ngân', NULL);
INSERT INTO public.student VALUES (160, '2025-07-13 15:40:33.487106+00', NULL, NULL, 'Nguyễn Hoàng Quốc Hải ', NULL);
INSERT INTO public.student VALUES (161, '2025-07-13 15:40:33.487106+00', NULL, NULL, 'Tạ Minh Thư', NULL);
INSERT INTO public.student VALUES (162, '2025-07-13 15:40:33.487106+00', NULL, NULL, 'Võ Ngọc Thái Bảo', NULL);
INSERT INTO public.student VALUES (163, '2025-07-13 15:40:33.487106+00', NULL, NULL, 'Trần Anh Thy', NULL);
INSERT INTO public.student VALUES (164, '2025-07-13 15:40:33.487106+00', NULL, NULL, 'Hồ Gia Hưng', NULL);
INSERT INTO public.student VALUES (165, '2025-07-13 15:40:33.487106+00', NULL, NULL, 'Phạm Ngọc Minh', NULL);
INSERT INTO public.student VALUES (166, '2025-07-13 15:40:33.493979+00', NULL, NULL, 'Bùi Thanh Hiển', NULL);
INSERT INTO public.student VALUES (167, '2025-07-13 15:40:33.493979+00', NULL, NULL, 'Nguyễn Trọng Phú', NULL);
INSERT INTO public.student VALUES (168, '2025-07-13 15:40:33.493979+00', NULL, NULL, 'Minh Trần Bảo Long', NULL);
INSERT INTO public.student VALUES (169, '2025-07-13 15:40:33.493979+00', NULL, NULL, 'Lê Xuân Lộc', NULL);
INSERT INTO public.student VALUES (170, '2025-07-13 15:40:33.493979+00', NULL, NULL, 'Giang Ngọc Quyên Quyên ', NULL);
INSERT INTO public.student VALUES (171, '2025-07-13 15:40:33.493979+00', NULL, NULL, 'Huỳnh Minh Phúc', NULL);
INSERT INTO public.student VALUES (172, '2025-07-13 15:40:33.500148+00', NULL, NULL, 'Phạm Hùng Tín', NULL);
INSERT INTO public.student VALUES (173, '2025-07-13 15:40:33.501156+00', NULL, NULL, 'Phan Đào Tuyết Mai', NULL);
INSERT INTO public.student VALUES (174, '2025-07-13 15:40:33.501156+00', NULL, NULL, 'Bùi Thanh Tâm', NULL);
INSERT INTO public.student VALUES (175, '2025-07-13 15:40:33.501156+00', NULL, NULL, 'Trần Ngọc Bảo Ngọc', NULL);
INSERT INTO public.student VALUES (176, '2025-07-13 15:40:33.501156+00', NULL, NULL, 'Phan Gia Kính', NULL);
INSERT INTO public.student VALUES (177, '2025-07-13 15:40:33.501156+00', NULL, NULL, 'Nguyễn Trần Hoàng Tuấn', NULL);
INSERT INTO public.student VALUES (178, '2025-07-13 15:40:33.501156+00', NULL, NULL, 'Diệp Gia Khang', NULL);
INSERT INTO public.student VALUES (179, '2025-07-13 15:40:33.501156+00', NULL, NULL, 'Nguyễn My An', NULL);
INSERT INTO public.student VALUES (180, '2025-07-13 15:40:33.506952+00', NULL, NULL, 'Trần Ngọc Phương Thanh', NULL);
INSERT INTO public.student VALUES (181, '2025-07-13 15:40:33.50801+00', NULL, NULL, 'Nguyễn Mỹ An', NULL);
INSERT INTO public.student VALUES (182, '2025-07-13 15:40:33.50801+00', NULL, NULL, 'Nguyễn Minh Trường', NULL);
INSERT INTO public.student VALUES (183, '2025-07-13 15:40:33.50801+00', NULL, NULL, 'Nguyễn Xuân Phúc ', NULL);
INSERT INTO public.student VALUES (184, '2025-07-14 10:47:56.864501+00', '2025-07-14 10:55:53.250724+00', '2025-07-14 10:55:53.250724+00', 'Lưu Thi Tim', '');


--
-- Data for Name: student_detail; Type: TABLE DATA; Schema: public; Owner: postgres
--

INSERT INTO public.student_detail VALUES (3, '2025-07-11 13:10:56.661309+00', NULL, NULL, 6, NULL, 4, 12, 1, 3);
INSERT INTO public.student_detail VALUES (4, '2025-07-11 13:10:56.677087+00', NULL, NULL, 7, NULL, 4, 12, 1, 4);
INSERT INTO public.student_detail VALUES (5, '2025-07-11 13:10:56.677087+00', NULL, NULL, 2, NULL, 4, 12, 1, 5);
INSERT INTO public.student_detail VALUES (6, '2025-07-11 13:10:56.680186+00', NULL, NULL, 2, NULL, 4, 12, 1, 6);
INSERT INTO public.student_detail VALUES (7, '2025-07-11 13:10:56.680186+00', NULL, NULL, 2, NULL, 4, 12, 1, 7);
INSERT INTO public.student_detail VALUES (8, '2025-07-11 13:10:56.680186+00', NULL, NULL, 2, NULL, 4, 12, 1, 8);
INSERT INTO public.student_detail VALUES (9, '2025-07-11 13:10:56.680186+00', NULL, NULL, 2, NULL, 4, 12, 1, 9);
INSERT INTO public.student_detail VALUES (10, '2025-07-11 13:10:56.680186+00', NULL, NULL, 2, NULL, 4, 12, 1, 10);
INSERT INTO public.student_detail VALUES (11, '2025-07-11 13:10:56.680186+00', NULL, NULL, 2, NULL, 4, 12, 1, 11);
INSERT INTO public.student_detail VALUES (12, '2025-07-11 13:10:56.680186+00', NULL, NULL, 2, NULL, 4, 12, 1, 12);
INSERT INTO public.student_detail VALUES (13, '2025-07-11 13:10:56.680186+00', NULL, NULL, 2, NULL, 4, 12, 1, 13);
INSERT INTO public.student_detail VALUES (14, '2025-07-11 13:10:56.69316+00', NULL, NULL, 2, NULL, 4, 12, 1, 14);
INSERT INTO public.student_detail VALUES (15, '2025-07-11 13:10:56.694747+00', NULL, NULL, 2, NULL, 4, 12, 1, 15);
INSERT INTO public.student_detail VALUES (16, '2025-07-11 13:10:56.694747+00', NULL, NULL, 8, NULL, 4, 12, 1, 16);
INSERT INTO public.student_detail VALUES (17, '2025-07-11 13:10:56.694747+00', NULL, NULL, 8, NULL, 4, 12, 1, 17);
INSERT INTO public.student_detail VALUES (18, '2025-07-11 13:10:56.694747+00', NULL, NULL, 8, NULL, 4, 12, 1, 18);
INSERT INTO public.student_detail VALUES (19, '2025-07-11 13:10:56.701007+00', NULL, NULL, 8, NULL, 4, 12, 1, 19);
INSERT INTO public.student_detail VALUES (20, '2025-07-11 13:10:56.701953+00', NULL, NULL, 8, NULL, 4, 12, 1, 20);
INSERT INTO public.student_detail VALUES (21, '2025-07-11 13:10:56.701953+00', NULL, NULL, 8, NULL, 4, 12, 1, 21);
INSERT INTO public.student_detail VALUES (22, '2025-07-11 13:10:56.701953+00', NULL, NULL, 8, NULL, 4, 12, 1, 22);
INSERT INTO public.student_detail VALUES (23, '2025-07-11 13:10:56.701953+00', NULL, NULL, 8, NULL, 4, 12, 1, 23);
INSERT INTO public.student_detail VALUES (24, '2025-07-11 13:10:56.708478+00', NULL, NULL, 3, NULL, 4, 12, 1, 24);
INSERT INTO public.student_detail VALUES (25, '2025-07-11 13:10:56.709098+00', NULL, NULL, 4, NULL, 4, 12, 1, 25);
INSERT INTO public.student_detail VALUES (26, '2025-07-11 13:10:56.709098+00', NULL, NULL, 4, NULL, 4, 12, 1, 26);
INSERT INTO public.student_detail VALUES (28, '2025-07-11 13:10:56.709098+00', NULL, NULL, 12, NULL, 4, 12, 1, 28);
INSERT INTO public.student_detail VALUES (29, '2025-07-11 13:10:56.715546+00', NULL, NULL, 12, NULL, 4, 12, 1, 29);
INSERT INTO public.student_detail VALUES (30, '2025-07-11 13:10:56.716694+00', NULL, NULL, 11, NULL, 4, 12, 1, 30);
INSERT INTO public.student_detail VALUES (31, '2025-07-11 13:10:56.716694+00', NULL, NULL, 11, NULL, 4, 12, 1, 31);
INSERT INTO public.student_detail VALUES (32, '2025-07-11 13:10:56.716694+00', NULL, NULL, 11, NULL, 4, 12, 1, 32);
INSERT INTO public.student_detail VALUES (33, '2025-07-11 13:10:56.716694+00', NULL, NULL, 11, NULL, 4, 12, 1, 33);
INSERT INTO public.student_detail VALUES (34, '2025-07-11 13:10:56.723293+00', NULL, NULL, 11, NULL, 4, 12, 1, 34);
INSERT INTO public.student_detail VALUES (35, '2025-07-11 13:10:56.723293+00', NULL, NULL, 11, NULL, 4, 12, 1, 35);
INSERT INTO public.student_detail VALUES (36, '2025-07-11 13:10:56.723293+00', NULL, NULL, 11, NULL, 4, 12, 1, 36);
INSERT INTO public.student_detail VALUES (37, '2025-07-11 13:10:56.723293+00', NULL, NULL, 11, NULL, 4, 12, 1, 37);
INSERT INTO public.student_detail VALUES (2, '2025-07-11 13:10:56.661309+00', '2025-07-11 19:15:29.032641+00', NULL, 1, NULL, 4, 12, 1, 2);
INSERT INTO public.student_detail VALUES (1, '2025-07-11 13:10:56.661309+00', '2025-07-12 03:35:44.169406+00', NULL, 3, NULL, 4, 12, 1, 1);
INSERT INTO public.student_detail VALUES (40, '2025-07-12 09:03:46.665787+00', NULL, NULL, 1, NULL, 4, 12, 2, 38);
INSERT INTO public.student_detail VALUES (41, '2025-07-12 09:03:46.678076+00', NULL, NULL, 1, NULL, 4, 12, 2, 39);
INSERT INTO public.student_detail VALUES (42, '2025-07-12 09:03:46.678076+00', NULL, NULL, 1, NULL, 4, 12, 2, 40);
INSERT INTO public.student_detail VALUES (43, '2025-07-12 09:03:46.683263+00', NULL, NULL, 15, NULL, 4, 12, 2, 41);
INSERT INTO public.student_detail VALUES (44, '2025-07-12 09:03:46.685839+00', NULL, NULL, 2, NULL, 4, 12, 2, 42);
INSERT INTO public.student_detail VALUES (45, '2025-07-12 09:03:46.690309+00', NULL, NULL, 2, NULL, 4, 12, 2, 43);
INSERT INTO public.student_detail VALUES (46, '2025-07-12 09:03:46.69264+00', NULL, NULL, 2, NULL, 4, 12, 2, 44);
INSERT INTO public.student_detail VALUES (47, '2025-07-12 09:03:46.69264+00', NULL, NULL, 2, NULL, 4, 12, 2, 45);
INSERT INTO public.student_detail VALUES (48, '2025-07-12 09:03:46.69908+00', NULL, NULL, 2, NULL, 4, 12, 2, 46);
INSERT INTO public.student_detail VALUES (49, '2025-07-12 09:03:46.69908+00', NULL, NULL, 2, NULL, 4, 12, 2, 47);
INSERT INTO public.student_detail VALUES (50, '2025-07-12 09:03:46.704177+00', NULL, NULL, 2, NULL, 4, 12, 2, 48);
INSERT INTO public.student_detail VALUES (51, '2025-07-12 09:03:46.705871+00', NULL, NULL, 9, NULL, 4, 12, 2, 49);
INSERT INTO public.student_detail VALUES (52, '2025-07-12 09:03:46.705871+00', NULL, NULL, 9, NULL, 4, 12, 2, 50);
INSERT INTO public.student_detail VALUES (53, '2025-07-12 09:03:46.711099+00', NULL, NULL, 9, NULL, 4, 12, 2, 51);
INSERT INTO public.student_detail VALUES (54, '2025-07-12 09:03:46.713028+00', NULL, NULL, 9, NULL, 4, 12, 2, 52);
INSERT INTO public.student_detail VALUES (55, '2025-07-12 09:03:46.718995+00', NULL, NULL, 8, NULL, 4, 12, 2, 53);
INSERT INTO public.student_detail VALUES (56, '2025-07-12 09:03:46.72105+00', NULL, NULL, 8, NULL, 4, 12, 2, 54);
INSERT INTO public.student_detail VALUES (57, '2025-07-12 09:03:46.724759+00', NULL, NULL, 8, NULL, 4, 12, 2, 55);
INSERT INTO public.student_detail VALUES (58, '2025-07-12 09:03:46.728604+00', NULL, NULL, 8, NULL, 4, 12, 2, 56);
INSERT INTO public.student_detail VALUES (59, '2025-07-12 09:03:46.732185+00', NULL, NULL, 8, NULL, 4, 12, 2, 57);
INSERT INTO public.student_detail VALUES (60, '2025-07-12 09:03:46.735757+00', NULL, NULL, 8, NULL, 4, 12, 2, 58);
INSERT INTO public.student_detail VALUES (61, '2025-07-12 09:03:46.735757+00', NULL, NULL, 8, NULL, 4, 12, 2, 59);
INSERT INTO public.student_detail VALUES (62, '2025-07-12 09:03:46.739579+00', NULL, NULL, 8, NULL, 4, 12, 2, 60);
INSERT INTO public.student_detail VALUES (63, '2025-07-12 09:03:46.743151+00', NULL, NULL, 8, NULL, 4, 12, 2, 61);
INSERT INTO public.student_detail VALUES (64, '2025-07-12 09:03:46.743151+00', NULL, NULL, 8, NULL, 4, 12, 2, 62);
INSERT INTO public.student_detail VALUES (65, '2025-07-12 09:03:46.74575+00', NULL, NULL, 3, NULL, 4, 12, 2, 63);
INSERT INTO public.student_detail VALUES (66, '2025-07-12 09:03:46.747498+00', NULL, NULL, 4, NULL, 4, 12, 2, 64);
INSERT INTO public.student_detail VALUES (67, '2025-07-12 09:03:46.747498+00', NULL, NULL, 4, NULL, 4, 12, 2, 65);
INSERT INTO public.student_detail VALUES (68, '2025-07-12 09:03:46.747498+00', NULL, NULL, 4, NULL, 4, 12, 2, 66);
INSERT INTO public.student_detail VALUES (69, '2025-07-12 09:03:46.755826+00', NULL, NULL, 4, NULL, 4, 12, 2, 67);
INSERT INTO public.student_detail VALUES (70, '2025-07-12 09:03:46.755826+00', NULL, NULL, 4, NULL, 4, 12, 2, 68);
INSERT INTO public.student_detail VALUES (71, '2025-07-12 09:03:46.755826+00', NULL, NULL, 5, NULL, 4, 12, 2, 69);
INSERT INTO public.student_detail VALUES (72, '2025-07-12 09:03:46.755826+00', NULL, NULL, 11, NULL, 4, 12, 2, 70);
INSERT INTO public.student_detail VALUES (74, '2025-07-12 09:03:46.765804+00', NULL, NULL, 17, NULL, 4, 12, 2, 72);
INSERT INTO public.student_detail VALUES (78, '2025-07-12 09:03:46.773057+00', NULL, NULL, 12, NULL, 4, 12, 2, 76);
INSERT INTO public.student_detail VALUES (79, '2025-07-12 09:03:46.776097+00', NULL, NULL, 11, NULL, 4, 12, 2, 77);
INSERT INTO public.student_detail VALUES (80, '2025-07-12 09:03:46.776097+00', NULL, NULL, 11, NULL, 4, 12, 2, 78);
INSERT INTO public.student_detail VALUES (81, '2025-07-12 09:03:46.776097+00', NULL, NULL, 11, NULL, 4, 12, 2, 79);
INSERT INTO public.student_detail VALUES (82, '2025-07-12 09:03:46.776097+00', NULL, NULL, 11, NULL, 4, 12, 2, 80);
INSERT INTO public.student_detail VALUES (83, '2025-07-12 09:03:46.776097+00', NULL, NULL, 11, NULL, 4, 12, 2, 81);
INSERT INTO public.student_detail VALUES (84, '2025-07-12 09:03:46.785989+00', NULL, NULL, 11, NULL, 4, 12, 2, 82);
INSERT INTO public.student_detail VALUES (85, '2025-07-12 09:03:46.785989+00', NULL, NULL, 15, NULL, 4, 12, 2, 83);
INSERT INTO public.student_detail VALUES (86, '2025-07-12 09:03:46.788704+00', NULL, NULL, NULL, NULL, 4, 12, 2, 84);
INSERT INTO public.student_detail VALUES (87, '2025-07-12 09:32:56.181123+00', NULL, NULL, 6, NULL, 4, 12, 3, 85);
INSERT INTO public.student_detail VALUES (88, '2025-07-12 09:32:56.185998+00', NULL, NULL, 7, NULL, 4, 12, 3, 86);
INSERT INTO public.student_detail VALUES (89, '2025-07-12 09:32:56.185998+00', NULL, NULL, 2, NULL, 4, 12, 3, 87);
INSERT INTO public.student_detail VALUES (90, '2025-07-12 09:32:56.185998+00', NULL, NULL, 2, NULL, 4, 12, 3, 88);
INSERT INTO public.student_detail VALUES (91, '2025-07-12 09:32:56.191713+00', NULL, NULL, 2, NULL, 4, 12, 3, 89);
INSERT INTO public.student_detail VALUES (92, '2025-07-12 09:32:56.191713+00', NULL, NULL, 2, NULL, 4, 12, 3, 90);
INSERT INTO public.student_detail VALUES (93, '2025-07-12 09:32:56.195856+00', NULL, NULL, 2, NULL, 4, 12, 3, 91);
INSERT INTO public.student_detail VALUES (95, '2025-07-12 09:32:56.198655+00', NULL, NULL, 8, NULL, 4, 12, 3, 93);
INSERT INTO public.student_detail VALUES (96, '2025-07-12 09:32:56.198655+00', NULL, NULL, 8, NULL, 4, 12, 3, 94);
INSERT INTO public.student_detail VALUES (97, '2025-07-12 09:32:56.198655+00', NULL, NULL, 8, NULL, 4, 12, 3, 95);
INSERT INTO public.student_detail VALUES (98, '2025-07-12 09:32:56.205413+00', NULL, NULL, 8, NULL, 4, 12, 3, 96);
INSERT INTO public.student_detail VALUES (99, '2025-07-12 09:32:56.205936+00', NULL, NULL, 8, NULL, 4, 12, 3, 97);
INSERT INTO public.student_detail VALUES (100, '2025-07-12 09:32:56.205936+00', NULL, NULL, 8, NULL, 4, 12, 3, 98);
INSERT INTO public.student_detail VALUES (101, '2025-07-12 09:32:56.205936+00', NULL, NULL, 8, NULL, 4, 12, 3, 99);
INSERT INTO public.student_detail VALUES (102, '2025-07-12 09:32:56.212474+00', NULL, NULL, 8, NULL, 4, 12, 3, 100);
INSERT INTO public.student_detail VALUES (103, '2025-07-12 09:32:56.212474+00', NULL, NULL, 4, NULL, 4, 12, 3, 101);
INSERT INTO public.student_detail VALUES (104, '2025-07-12 09:32:56.212474+00', NULL, NULL, 4, NULL, 4, 12, 3, 102);
INSERT INTO public.student_detail VALUES (105, '2025-07-12 09:32:56.216029+00', NULL, NULL, 4, NULL, 4, 12, 3, 103);
INSERT INTO public.student_detail VALUES (106, '2025-07-12 09:32:56.216029+00', NULL, NULL, 5, NULL, 4, 12, 3, 104);
INSERT INTO public.student_detail VALUES (107, '2025-07-12 09:32:56.216029+00', NULL, NULL, 5, NULL, 4, 12, 3, 105);
INSERT INTO public.student_detail VALUES (108, '2025-07-12 09:32:56.219409+00', NULL, NULL, 5, NULL, 4, 12, 3, 106);
INSERT INTO public.student_detail VALUES (76, '2025-07-12 09:03:46.765804+00', '2025-07-13 16:40:28.246321+00', '2025-07-13 16:40:28.231569+00', 20, NULL, 4, 12, 2, 74);
INSERT INTO public.student_detail VALUES (77, '2025-07-12 09:03:46.765804+00', '2025-07-13 16:40:47.09701+00', '2025-07-13 16:40:47.093007+00', 20, NULL, 4, 12, 2, 75);
INSERT INTO public.student_detail VALUES (27, '2025-07-11 13:10:56.709098+00', '2025-07-13 16:44:56.673598+00', '2025-07-13 16:44:56.66963+00', 21, NULL, 4, 12, 1, 27);
INSERT INTO public.student_detail VALUES (75, '2025-07-12 09:03:46.765804+00', '2025-07-13 16:45:29.01823+00', '2025-07-13 16:45:29.015298+00', 14, NULL, 4, 12, 2, 73);
INSERT INTO public.student_detail VALUES (94, '2025-07-12 09:32:56.195856+00', '2025-07-13 17:05:35.274454+00', '2025-07-13 17:05:35.266659+00', 22, NULL, 4, 12, 3, 92);
INSERT INTO public.student_detail VALUES (109, '2025-07-12 09:32:56.219409+00', NULL, NULL, 5, NULL, 4, 12, 3, 107);
INSERT INTO public.student_detail VALUES (111, '2025-07-12 09:32:56.226021+00', NULL, NULL, 12, NULL, 4, 12, 3, 109);
INSERT INTO public.student_detail VALUES (112, '2025-07-12 09:32:56.226021+00', NULL, NULL, 11, NULL, 4, 12, 3, 110);
INSERT INTO public.student_detail VALUES (113, '2025-07-12 09:32:56.226021+00', NULL, NULL, 11, NULL, 4, 12, 3, 111);
INSERT INTO public.student_detail VALUES (114, '2025-07-12 09:32:56.226021+00', NULL, NULL, 11, NULL, 4, 12, 3, 112);
INSERT INTO public.student_detail VALUES (115, '2025-07-12 09:32:56.226021+00', NULL, NULL, 11, NULL, 4, 12, 3, 113);
INSERT INTO public.student_detail VALUES (116, '2025-07-12 09:32:56.226021+00', NULL, NULL, 11, NULL, 4, 12, 3, 114);
INSERT INTO public.student_detail VALUES (117, '2025-07-12 09:32:56.233191+00', NULL, NULL, 11, NULL, 4, 12, 3, 115);
INSERT INTO public.student_detail VALUES (118, '2025-07-12 09:32:56.233741+00', NULL, NULL, 11, NULL, 4, 12, 3, 116);
INSERT INTO public.student_detail VALUES (119, '2025-07-12 09:32:56.235778+00', NULL, NULL, 11, NULL, 4, 12, 3, 117);
INSERT INTO public.student_detail VALUES (120, '2025-07-12 09:32:56.235778+00', NULL, NULL, 11, NULL, 4, 12, 3, 118);
INSERT INTO public.student_detail VALUES (123, '2025-07-13 12:39:55.998016+00', NULL, NULL, 21, NULL, 4, 12, 2, 71);
INSERT INTO public.student_detail VALUES (122, '2025-07-13 12:39:46.803747+00', '2025-07-13 12:39:56.001052+00', '2025-07-13 12:39:55.997328+00', 21, NULL, 4, 12, 2, 71);
INSERT INTO public.student_detail VALUES (124, '2025-07-13 12:58:36.915451+00', NULL, NULL, 21, NULL, 4, 12, 3, 108);
INSERT INTO public.student_detail VALUES (110, '2025-07-12 09:32:56.219409+00', '2025-07-13 12:58:36.92245+00', '2025-07-13 12:58:36.914453+00', 21, NULL, 4, 12, 3, 108);
INSERT INTO public.student_detail VALUES (125, '2025-07-13 15:40:33.431411+00', NULL, NULL, 2, NULL, 4, 12, 4, 119);
INSERT INTO public.student_detail VALUES (126, '2025-07-13 15:40:33.438362+00', NULL, NULL, 2, NULL, 4, 12, 4, 120);
INSERT INTO public.student_detail VALUES (127, '2025-07-13 15:40:33.438362+00', NULL, NULL, 2, NULL, 4, 12, 4, 121);
INSERT INTO public.student_detail VALUES (128, '2025-07-13 15:40:33.445263+00', NULL, NULL, 2, NULL, 4, 12, 4, 122);
INSERT INTO public.student_detail VALUES (129, '2025-07-13 15:40:33.445263+00', NULL, NULL, 2, NULL, 4, 12, 4, 123);
INSERT INTO public.student_detail VALUES (130, '2025-07-13 15:40:33.445263+00', NULL, NULL, 2, NULL, 4, 12, 4, 124);
INSERT INTO public.student_detail VALUES (131, '2025-07-13 15:40:33.445263+00', NULL, NULL, 2, NULL, 4, 12, 4, 125);
INSERT INTO public.student_detail VALUES (132, '2025-07-13 15:40:33.452031+00', NULL, NULL, 2, NULL, 4, 12, 4, 126);
INSERT INTO public.student_detail VALUES (133, '2025-07-13 15:40:33.452031+00', NULL, NULL, 9, NULL, 4, 12, 4, 127);
INSERT INTO public.student_detail VALUES (134, '2025-07-13 15:40:33.452031+00', NULL, NULL, 8, NULL, 4, 12, 4, 128);
INSERT INTO public.student_detail VALUES (135, '2025-07-13 15:40:33.452031+00', NULL, NULL, 8, NULL, 4, 12, 4, 129);
INSERT INTO public.student_detail VALUES (136, '2025-07-13 15:40:33.452031+00', NULL, NULL, 8, NULL, 4, 12, 4, 130);
INSERT INTO public.student_detail VALUES (137, '2025-07-13 15:40:33.45901+00', NULL, NULL, 8, NULL, 4, 12, 4, 131);
INSERT INTO public.student_detail VALUES (138, '2025-07-13 15:40:33.45901+00', NULL, NULL, 8, NULL, 4, 12, 4, 132);
INSERT INTO public.student_detail VALUES (139, '2025-07-13 15:40:33.45901+00', NULL, NULL, 8, NULL, 4, 12, 4, 133);
INSERT INTO public.student_detail VALUES (140, '2025-07-13 15:40:33.45901+00', NULL, NULL, 8, NULL, 4, 12, 4, 134);
INSERT INTO public.student_detail VALUES (141, '2025-07-13 15:40:33.45901+00', NULL, NULL, 8, NULL, 4, 12, 4, 135);
INSERT INTO public.student_detail VALUES (142, '2025-07-13 15:40:33.46584+00', NULL, NULL, 8, NULL, 4, 12, 4, 136);
INSERT INTO public.student_detail VALUES (143, '2025-07-13 15:40:33.466381+00', NULL, NULL, 8, NULL, 4, 12, 4, 137);
INSERT INTO public.student_detail VALUES (144, '2025-07-13 15:40:33.466381+00', NULL, NULL, 8, NULL, 4, 12, 4, 138);
INSERT INTO public.student_detail VALUES (145, '2025-07-13 15:40:33.466381+00', NULL, NULL, 8, NULL, 4, 12, 4, 139);
INSERT INTO public.student_detail VALUES (146, '2025-07-13 15:40:33.466381+00', NULL, NULL, 8, NULL, 4, 12, 4, 140);
INSERT INTO public.student_detail VALUES (147, '2025-07-13 15:40:33.466381+00', NULL, NULL, 8, NULL, 4, 12, 4, 141);
INSERT INTO public.student_detail VALUES (148, '2025-07-13 15:40:33.466381+00', NULL, NULL, 8, NULL, 4, 12, 4, 142);
INSERT INTO public.student_detail VALUES (149, '2025-07-13 15:40:33.473246+00', NULL, NULL, 8, NULL, 4, 12, 4, 143);
INSERT INTO public.student_detail VALUES (150, '2025-07-13 15:40:33.473246+00', NULL, NULL, 8, NULL, 4, 12, 4, 144);
INSERT INTO public.student_detail VALUES (151, '2025-07-13 15:40:33.473246+00', NULL, NULL, 8, NULL, 4, 12, 4, 145);
INSERT INTO public.student_detail VALUES (152, '2025-07-13 15:40:33.473246+00', NULL, NULL, 8, NULL, 4, 12, 4, 146);
INSERT INTO public.student_detail VALUES (153, '2025-07-13 15:40:33.473246+00', NULL, NULL, 8, NULL, 4, 12, 4, 147);
INSERT INTO public.student_detail VALUES (154, '2025-07-13 15:40:33.473246+00', NULL, NULL, 3, NULL, 4, 12, 4, 148);
INSERT INTO public.student_detail VALUES (155, '2025-07-13 15:40:33.473246+00', NULL, NULL, 5, NULL, 4, 12, 4, 149);
INSERT INTO public.student_detail VALUES (156, '2025-07-13 15:40:33.473246+00', NULL, NULL, 11, NULL, 4, 12, 4, 150);
INSERT INTO public.student_detail VALUES (157, '2025-07-13 15:40:33.480308+00', NULL, NULL, 11, NULL, 4, 12, 4, 151);
INSERT INTO public.student_detail VALUES (158, '2025-07-13 15:40:33.480308+00', NULL, NULL, 11, NULL, 4, 12, 4, 152);
INSERT INTO public.student_detail VALUES (159, '2025-07-13 15:40:33.480308+00', NULL, NULL, 11, NULL, 4, 12, 4, 153);
INSERT INTO public.student_detail VALUES (160, '2025-07-13 15:40:33.480308+00', NULL, NULL, 11, NULL, 4, 12, 4, 154);
INSERT INTO public.student_detail VALUES (161, '2025-07-13 15:40:33.480308+00', NULL, NULL, 7, NULL, 4, 12, 4, 155);
INSERT INTO public.student_detail VALUES (162, '2025-07-13 15:40:33.480308+00', NULL, NULL, 7, NULL, 4, 12, 4, 156);
INSERT INTO public.student_detail VALUES (163, '2025-07-13 15:40:33.480308+00', NULL, NULL, 7, NULL, 4, 12, 4, 157);
INSERT INTO public.student_detail VALUES (164, '2025-07-13 15:40:33.487106+00', NULL, NULL, 7, NULL, 4, 12, 4, 158);
INSERT INTO public.student_detail VALUES (165, '2025-07-13 15:40:33.487106+00', NULL, NULL, 2, NULL, 4, 12, 4, 159);
INSERT INTO public.student_detail VALUES (166, '2025-07-13 15:40:33.487106+00', NULL, NULL, 2, NULL, 4, 12, 4, 160);
INSERT INTO public.student_detail VALUES (167, '2025-07-13 15:40:33.487106+00', NULL, NULL, 2, NULL, 4, 12, 4, 161);
INSERT INTO public.student_detail VALUES (168, '2025-07-13 15:40:33.487106+00', NULL, NULL, 2, NULL, 4, 12, 4, 162);
INSERT INTO public.student_detail VALUES (169, '2025-07-13 15:40:33.487106+00', NULL, NULL, 2, NULL, 4, 12, 4, 163);
INSERT INTO public.student_detail VALUES (170, '2025-07-13 15:40:33.487106+00', NULL, NULL, 2, NULL, 4, 12, 4, 164);
INSERT INTO public.student_detail VALUES (171, '2025-07-13 15:40:33.487106+00', NULL, NULL, 2, NULL, 4, 12, 4, 165);
INSERT INTO public.student_detail VALUES (172, '2025-07-13 15:40:33.493979+00', NULL, NULL, 2, NULL, 4, 12, 4, 166);
INSERT INTO public.student_detail VALUES (173, '2025-07-13 15:40:33.493979+00', NULL, NULL, 8, NULL, 4, 12, 4, 167);
INSERT INTO public.student_detail VALUES (174, '2025-07-13 15:40:33.493979+00', NULL, NULL, 8, NULL, 4, 12, 4, 168);
INSERT INTO public.student_detail VALUES (175, '2025-07-13 15:40:33.493979+00', NULL, NULL, 8, NULL, 4, 12, 4, 169);
INSERT INTO public.student_detail VALUES (176, '2025-07-13 15:40:33.493979+00', NULL, NULL, 8, NULL, 4, 12, 4, 170);
INSERT INTO public.student_detail VALUES (177, '2025-07-13 15:40:33.493979+00', NULL, NULL, 8, NULL, 4, 12, 4, 171);
INSERT INTO public.student_detail VALUES (178, '2025-07-13 15:40:33.500148+00', NULL, NULL, 8, NULL, 4, 12, 4, 172);
INSERT INTO public.student_detail VALUES (179, '2025-07-13 15:40:33.501156+00', NULL, NULL, 8, NULL, 4, 12, 4, 173);
INSERT INTO public.student_detail VALUES (180, '2025-07-13 15:40:33.501156+00', NULL, NULL, 3, NULL, 4, 12, 4, 174);
INSERT INTO public.student_detail VALUES (181, '2025-07-13 15:40:33.501156+00', NULL, NULL, 4, NULL, 4, 12, 4, 175);
INSERT INTO public.student_detail VALUES (182, '2025-07-13 15:40:33.501156+00', NULL, NULL, 21, NULL, 4, 12, 4, 176);
INSERT INTO public.student_detail VALUES (183, '2025-07-13 15:40:33.501156+00', NULL, NULL, 12, NULL, 4, 12, 4, 177);
INSERT INTO public.student_detail VALUES (184, '2025-07-13 15:40:33.501156+00', NULL, NULL, 11, NULL, 4, 12, 4, 178);
INSERT INTO public.student_detail VALUES (185, '2025-07-13 15:40:33.501156+00', NULL, NULL, 11, NULL, 4, 12, 4, 179);
INSERT INTO public.student_detail VALUES (186, '2025-07-13 15:40:33.506952+00', NULL, NULL, 11, NULL, 4, 12, 4, 180);
INSERT INTO public.student_detail VALUES (187, '2025-07-13 15:40:33.50801+00', NULL, NULL, 11, NULL, 4, 12, 4, 181);
INSERT INTO public.student_detail VALUES (188, '2025-07-13 15:40:33.50801+00', NULL, NULL, 11, NULL, 4, 12, 4, 182);
INSERT INTO public.student_detail VALUES (189, '2025-07-13 15:40:33.50801+00', NULL, NULL, 11, NULL, 4, 12, 4, 183);
INSERT INTO public.student_detail VALUES (190, '2025-07-13 16:40:28.236973+00', NULL, NULL, 20, NULL, 4, 12, 2, 74);
INSERT INTO public.student_detail VALUES (191, '2025-07-13 16:40:47.094008+00', NULL, NULL, 20, NULL, 4, 12, 2, 75);
INSERT INTO public.student_detail VALUES (192, '2025-07-13 16:44:56.66963+00', NULL, NULL, 21, NULL, 4, 12, 1, 27);
INSERT INTO public.student_detail VALUES (193, '2025-07-13 16:45:29.016507+00', NULL, NULL, 14, NULL, 4, 12, 2, 73);
INSERT INTO public.student_detail VALUES (194, '2025-07-13 17:05:35.266659+00', NULL, NULL, 22, NULL, 4, 12, 3, 92);


--
-- Data for Name: teacher; Type: TABLE DATA; Schema: public; Owner: postgres
--

INSERT INTO public.teacher VALUES (1, '2025-06-19 13:06:46.736302+00', NULL, NULL, 5);
INSERT INTO public.teacher VALUES (2, '2025-06-19 13:06:46.736302+00', NULL, NULL, 6);
INSERT INTO public.teacher VALUES (3, '2025-06-19 13:06:46.736302+00', NULL, NULL, 7);
INSERT INTO public.teacher VALUES (4, '2025-06-19 13:06:46.736302+00', NULL, NULL, 8);


--
-- Data for Name: teacher_detail; Type: TABLE DATA; Schema: public; Owner: postgres
--



--
-- Name: academic_year_id_seq; Type: SEQUENCE SET; Schema: public; Owner: postgres
--

SELECT pg_catalog.setval('public.academic_year_id_seq', 4, true);


--
-- Name: account_id_seq; Type: SEQUENCE SET; Schema: public; Owner: postgres
--

SELECT pg_catalog.setval('public.account_id_seq', 8, true);


--
-- Name: attendance_id_seq; Type: SEQUENCE SET; Schema: public; Owner: postgres
--

SELECT pg_catalog.setval('public.attendance_id_seq', 1, false);


--
-- Name: exam_id_seq; Type: SEQUENCE SET; Schema: public; Owner: postgres
--

SELECT pg_catalog.setval('public.exam_id_seq', 1, false);


--
-- Name: fee_id_seq; Type: SEQUENCE SET; Schema: public; Owner: postgres
--

SELECT pg_catalog.setval('public.fee_id_seq', 1, true);


--
-- Name: grade_id_seq; Type: SEQUENCE SET; Schema: public; Owner: postgres
--

SELECT pg_catalog.setval('public.grade_id_seq', 13, true);


--
-- Name: group_id_seq; Type: SEQUENCE SET; Schema: public; Owner: postgres
--

SELECT pg_catalog.setval('public.group_id_seq', 4, true);


--
-- Name: group_schedule_id_seq; Type: SEQUENCE SET; Schema: public; Owner: postgres
--

SELECT pg_catalog.setval('public.group_schedule_id_seq', 36, true);


--
-- Name: group_session_id_seq; Type: SEQUENCE SET; Schema: public; Owner: postgres
--

SELECT pg_catalog.setval('public.group_session_id_seq', 1, false);


--
-- Name: payment_detail_id_seq; Type: SEQUENCE SET; Schema: public; Owner: postgres
--

SELECT pg_catalog.setval('public.payment_detail_id_seq', 64, true);


--
-- Name: role_id_seq; Type: SEQUENCE SET; Schema: public; Owner: postgres
--

SELECT pg_catalog.setval('public.role_id_seq', 4, true);


--
-- Name: room_id_seq; Type: SEQUENCE SET; Schema: public; Owner: postgres
--

SELECT pg_catalog.setval('public.room_id_seq', 4, true);


--
-- Name: schedule_id_seq; Type: SEQUENCE SET; Schema: public; Owner: postgres
--

SELECT pg_catalog.setval('public.schedule_id_seq', 14, true);


--
-- Name: school_class_id_seq; Type: SEQUENCE SET; Schema: public; Owner: postgres
--

SELECT pg_catalog.setval('public.school_class_id_seq', 211, true);


--
-- Name: school_id_seq; Type: SEQUENCE SET; Schema: public; Owner: postgres
--

SELECT pg_catalog.setval('public.school_id_seq', 23, true);


--
-- Name: score_id_seq; Type: SEQUENCE SET; Schema: public; Owner: postgres
--

SELECT pg_catalog.setval('public.score_id_seq', 1, false);


--
-- Name: student_detail_id_seq; Type: SEQUENCE SET; Schema: public; Owner: postgres
--

SELECT pg_catalog.setval('public.student_detail_id_seq', 195, true);


--
-- Name: student_id_seq; Type: SEQUENCE SET; Schema: public; Owner: postgres
--

SELECT pg_catalog.setval('public.student_id_seq', 185, true);


--
-- Name: teacher_detail_id_seq; Type: SEQUENCE SET; Schema: public; Owner: postgres
--

SELECT pg_catalog.setval('public.teacher_detail_id_seq', 1, false);


--
-- Name: teacher_id_seq; Type: SEQUENCE SET; Schema: public; Owner: postgres
--

SELECT pg_catalog.setval('public.teacher_id_seq', 4, true);


--
-- Name: academic_year academic_year_pkey; Type: CONSTRAINT; Schema: public; Owner: postgres
--

ALTER TABLE ONLY public.academic_year
    ADD CONSTRAINT academic_year_pkey PRIMARY KEY (id);


--
-- Name: account account_pkey; Type: CONSTRAINT; Schema: public; Owner: postgres
--

ALTER TABLE ONLY public.account
    ADD CONSTRAINT account_pkey PRIMARY KEY (id);


--
-- Name: attendance attendance_pkey; Type: CONSTRAINT; Schema: public; Owner: postgres
--

ALTER TABLE ONLY public.attendance
    ADD CONSTRAINT attendance_pkey PRIMARY KEY (id);


--
-- Name: exam exam_pkey; Type: CONSTRAINT; Schema: public; Owner: postgres
--

ALTER TABLE ONLY public.exam
    ADD CONSTRAINT exam_pkey PRIMARY KEY (id);


--
-- Name: fee fee_pkey; Type: CONSTRAINT; Schema: public; Owner: postgres
--

ALTER TABLE ONLY public.fee
    ADD CONSTRAINT fee_pkey PRIMARY KEY (id);


--
-- Name: grade grade_pkey; Type: CONSTRAINT; Schema: public; Owner: postgres
--

ALTER TABLE ONLY public.grade
    ADD CONSTRAINT grade_pkey PRIMARY KEY (id);


--
-- Name: group group_pkey; Type: CONSTRAINT; Schema: public; Owner: postgres
--

ALTER TABLE ONLY public."group"
    ADD CONSTRAINT group_pkey PRIMARY KEY (id);


--
-- Name: group_schedule group_schedule_pkey; Type: CONSTRAINT; Schema: public; Owner: postgres
--

ALTER TABLE ONLY public.group_schedule
    ADD CONSTRAINT group_schedule_pkey PRIMARY KEY (id);


--
-- Name: group_session group_session_pkey; Type: CONSTRAINT; Schema: public; Owner: postgres
--

ALTER TABLE ONLY public.group_session
    ADD CONSTRAINT group_session_pkey PRIMARY KEY (id);


--
-- Name: payment_detail payment_detail_pkey; Type: CONSTRAINT; Schema: public; Owner: postgres
--

ALTER TABLE ONLY public.payment_detail
    ADD CONSTRAINT payment_detail_pkey PRIMARY KEY (id);


--
-- Name: role role_pkey; Type: CONSTRAINT; Schema: public; Owner: postgres
--

ALTER TABLE ONLY public.role
    ADD CONSTRAINT role_pkey PRIMARY KEY (id);


--
-- Name: room room_pkey; Type: CONSTRAINT; Schema: public; Owner: postgres
--

ALTER TABLE ONLY public.room
    ADD CONSTRAINT room_pkey PRIMARY KEY (id);


--
-- Name: schedule schedule_pkey; Type: CONSTRAINT; Schema: public; Owner: postgres
--

ALTER TABLE ONLY public.schedule
    ADD CONSTRAINT schedule_pkey PRIMARY KEY (id);


--
-- Name: school_class school_class_pkey; Type: CONSTRAINT; Schema: public; Owner: postgres
--

ALTER TABLE ONLY public.school_class
    ADD CONSTRAINT school_class_pkey PRIMARY KEY (id);


--
-- Name: school school_pkey; Type: CONSTRAINT; Schema: public; Owner: postgres
--

ALTER TABLE ONLY public.school
    ADD CONSTRAINT school_pkey PRIMARY KEY (id);


--
-- Name: score score_pkey; Type: CONSTRAINT; Schema: public; Owner: postgres
--

ALTER TABLE ONLY public.score
    ADD CONSTRAINT score_pkey PRIMARY KEY (id);


--
-- Name: student_detail student_detail_pkey; Type: CONSTRAINT; Schema: public; Owner: postgres
--

ALTER TABLE ONLY public.student_detail
    ADD CONSTRAINT student_detail_pkey PRIMARY KEY (id);


--
-- Name: student student_pkey; Type: CONSTRAINT; Schema: public; Owner: postgres
--

ALTER TABLE ONLY public.student
    ADD CONSTRAINT student_pkey PRIMARY KEY (id);


--
-- Name: teacher_detail teacher_detail_pkey; Type: CONSTRAINT; Schema: public; Owner: postgres
--

ALTER TABLE ONLY public.teacher_detail
    ADD CONSTRAINT teacher_detail_pkey PRIMARY KEY (id);


--
-- Name: teacher teacher_pkey; Type: CONSTRAINT; Schema: public; Owner: postgres
--

ALTER TABLE ONLY public.teacher
    ADD CONSTRAINT teacher_pkey PRIMARY KEY (id);


--
-- Name: idx_group_academic_year_id; Type: INDEX; Schema: public; Owner: postgres
--

CREATE INDEX idx_group_academic_year_id ON public."group" USING btree (academic_year_id);


--
-- Name: idx_group_end_at; Type: INDEX; Schema: public; Owner: postgres
--

CREATE INDEX idx_group_end_at ON public."group" USING btree (end_at);


--
-- Name: idx_group_fee_id; Type: INDEX; Schema: public; Owner: postgres
--

CREATE INDEX idx_group_fee_id ON public."group" USING btree (fee_id);


--
-- Name: idx_group_grade_id; Type: INDEX; Schema: public; Owner: postgres
--

CREATE INDEX idx_group_grade_id ON public."group" USING btree (grade_id);


--
-- Name: account account_role_id_fkey; Type: FK CONSTRAINT; Schema: public; Owner: postgres
--

ALTER TABLE ONLY public.account
    ADD CONSTRAINT account_role_id_fkey FOREIGN KEY (role_id) REFERENCES public.role(id);


--
-- Name: attendance attendance_schedule_id_fkey; Type: FK CONSTRAINT; Schema: public; Owner: postgres
--

ALTER TABLE ONLY public.attendance
    ADD CONSTRAINT attendance_schedule_id_fkey FOREIGN KEY (schedule_id) REFERENCES public.schedule(id);


--
-- Name: attendance attendance_student_id_fkey; Type: FK CONSTRAINT; Schema: public; Owner: postgres
--

ALTER TABLE ONLY public.attendance
    ADD CONSTRAINT attendance_student_id_fkey FOREIGN KEY (student_id) REFERENCES public.student(id);


--
-- Name: group_schedule fk_group_schedule_room; Type: FK CONSTRAINT; Schema: public; Owner: postgres
--

ALTER TABLE ONLY public.group_schedule
    ADD CONSTRAINT fk_group_schedule_room FOREIGN KEY (room_id) REFERENCES public.room(id);


--
-- Name: group group_academic_year_id_fkey; Type: FK CONSTRAINT; Schema: public; Owner: postgres
--

ALTER TABLE ONLY public."group"
    ADD CONSTRAINT group_academic_year_id_fkey FOREIGN KEY (academic_year_id) REFERENCES public.academic_year(id);


--
-- Name: group group_fee_id_fkey; Type: FK CONSTRAINT; Schema: public; Owner: postgres
--

ALTER TABLE ONLY public."group"
    ADD CONSTRAINT group_fee_id_fkey FOREIGN KEY (fee_id) REFERENCES public.fee(id);


--
-- Name: group group_grade_id_fkey; Type: FK CONSTRAINT; Schema: public; Owner: postgres
--

ALTER TABLE ONLY public."group"
    ADD CONSTRAINT group_grade_id_fkey FOREIGN KEY (grade_id) REFERENCES public.grade(id);


--
-- Name: group_schedule group_schedule_group_id_fkey; Type: FK CONSTRAINT; Schema: public; Owner: postgres
--

ALTER TABLE ONLY public.group_schedule
    ADD CONSTRAINT group_schedule_group_id_fkey FOREIGN KEY (group_id) REFERENCES public."group"(id);


--
-- Name: group_session_group group_session_group_group_id_fkey; Type: FK CONSTRAINT; Schema: public; Owner: postgres
--

ALTER TABLE ONLY public.group_session_group
    ADD CONSTRAINT group_session_group_group_id_fkey FOREIGN KEY (group_id) REFERENCES public."group"(id);


--
-- Name: group_session_group group_session_group_group_session_id_fkey; Type: FK CONSTRAINT; Schema: public; Owner: postgres
--

ALTER TABLE ONLY public.group_session_group
    ADD CONSTRAINT group_session_group_group_session_id_fkey FOREIGN KEY (group_session_id) REFERENCES public.group_session(id);


--
-- Name: payment_detail payment_detail_fee_id_fkey; Type: FK CONSTRAINT; Schema: public; Owner: postgres
--

ALTER TABLE ONLY public.payment_detail
    ADD CONSTRAINT payment_detail_fee_id_fkey FOREIGN KEY (fee_id) REFERENCES public.fee(id);


--
-- Name: payment_detail payment_detail_student_id_fkey; Type: FK CONSTRAINT; Schema: public; Owner: postgres
--

ALTER TABLE ONLY public.payment_detail
    ADD CONSTRAINT payment_detail_student_id_fkey FOREIGN KEY (student_id) REFERENCES public.student(id);


--
-- Name: schedule schedule_group_id_fkey; Type: FK CONSTRAINT; Schema: public; Owner: postgres
--

ALTER TABLE ONLY public.schedule
    ADD CONSTRAINT schedule_group_id_fkey FOREIGN KEY (group_id) REFERENCES public."group"(id);


--
-- Name: schedule schedule_room_id_fkey; Type: FK CONSTRAINT; Schema: public; Owner: postgres
--

ALTER TABLE ONLY public.schedule
    ADD CONSTRAINT schedule_room_id_fkey FOREIGN KEY (room_id) REFERENCES public.room(id);


--
-- Name: schedule schedule_teacher_id_fkey; Type: FK CONSTRAINT; Schema: public; Owner: postgres
--

ALTER TABLE ONLY public.schedule
    ADD CONSTRAINT schedule_teacher_id_fkey FOREIGN KEY (teacher_id) REFERENCES public.teacher(id);


--
-- Name: score score_exam_id_fkey; Type: FK CONSTRAINT; Schema: public; Owner: postgres
--

ALTER TABLE ONLY public.score
    ADD CONSTRAINT score_exam_id_fkey FOREIGN KEY (exam_id) REFERENCES public.exam(id);


--
-- Name: score score_student_id_fkey; Type: FK CONSTRAINT; Schema: public; Owner: postgres
--

ALTER TABLE ONLY public.score
    ADD CONSTRAINT score_student_id_fkey FOREIGN KEY (student_id) REFERENCES public.student(id);


--
-- Name: student_detail student_detail_academic_year_id_fkey; Type: FK CONSTRAINT; Schema: public; Owner: postgres
--

ALTER TABLE ONLY public.student_detail
    ADD CONSTRAINT student_detail_academic_year_id_fkey FOREIGN KEY (academic_year_id) REFERENCES public.academic_year(id);


--
-- Name: student_detail student_detail_grade_id_fkey; Type: FK CONSTRAINT; Schema: public; Owner: postgres
--

ALTER TABLE ONLY public.student_detail
    ADD CONSTRAINT student_detail_grade_id_fkey FOREIGN KEY (grade_id) REFERENCES public.grade(id);


--
-- Name: student_detail student_detail_group_id_fkey; Type: FK CONSTRAINT; Schema: public; Owner: postgres
--

ALTER TABLE ONLY public.student_detail
    ADD CONSTRAINT student_detail_group_id_fkey FOREIGN KEY (group_id) REFERENCES public."group"(id);


--
-- Name: student_detail student_detail_school_class_id_fkey; Type: FK CONSTRAINT; Schema: public; Owner: postgres
--

ALTER TABLE ONLY public.student_detail
    ADD CONSTRAINT student_detail_school_class_id_fkey FOREIGN KEY (school_class_id) REFERENCES public.school_class(id);


--
-- Name: student_detail student_detail_school_id_fkey; Type: FK CONSTRAINT; Schema: public; Owner: postgres
--

ALTER TABLE ONLY public.student_detail
    ADD CONSTRAINT student_detail_school_id_fkey FOREIGN KEY (school_id) REFERENCES public.school(id);


--
-- Name: student_detail student_detail_student_id_fkey; Type: FK CONSTRAINT; Schema: public; Owner: postgres
--

ALTER TABLE ONLY public.student_detail
    ADD CONSTRAINT student_detail_student_id_fkey FOREIGN KEY (student_id) REFERENCES public.student(id);


--
-- Name: teacher teacher_account_id_fkey; Type: FK CONSTRAINT; Schema: public; Owner: postgres
--

ALTER TABLE ONLY public.teacher
    ADD CONSTRAINT teacher_account_id_fkey FOREIGN KEY (account_id) REFERENCES public.account(id);


--
-- Name: teacher_detail teacher_detail_school_class_id_fkey; Type: FK CONSTRAINT; Schema: public; Owner: postgres
--

ALTER TABLE ONLY public.teacher_detail
    ADD CONSTRAINT teacher_detail_school_class_id_fkey FOREIGN KEY (school_class_id) REFERENCES public.school_class(id);


--
-- Name: teacher_detail teacher_detail_school_id_fkey; Type: FK CONSTRAINT; Schema: public; Owner: postgres
--

ALTER TABLE ONLY public.teacher_detail
    ADD CONSTRAINT teacher_detail_school_id_fkey FOREIGN KEY (school_id) REFERENCES public.school(id);


--
-- Name: teacher_detail teacher_detail_teacher_id_fkey; Type: FK CONSTRAINT; Schema: public; Owner: postgres
--

ALTER TABLE ONLY public.teacher_detail
    ADD CONSTRAINT teacher_detail_teacher_id_fkey FOREIGN KEY (teacher_id) REFERENCES public.teacher(id);


--
-- PostgreSQL database dump complete
--

